channel,message_id,date,text,sender_id,views,image_path,doc_path,processed_text,conll_text
@AwasMart,11859,2025-06-21T07:36:56+00:00,,-1001429900086,954,data/raw/media\@AwasMart_11859.jpg,,,
@AwasMart,11858,2025-06-21T07:36:56+00:00,,-1001429900086,954,data/raw/media\@AwasMart_11858.jpg,,,
@AwasMart,11857,2025-06-21T07:36:55+00:00,,-1001429900086,967,data/raw/media\@AwasMart_11857.jpg,,,
@AwasMart,11856,2025-06-21T07:36:55+00:00,,-1001429900086,963,data/raw/media\@AwasMart_11856.jpg,,,
@AwasMart,11855,2025-06-21T07:36:55+00:00,"РЮЄ№ИЈBaby bank feeding bottle

┬а┬а┬а┬а┬а┬а рІІрїІ­ЪњхрЇд┬а ­Ъњ░ 2,000 рЅЦрѕГ

­ЪњгрЅарЅ┤рѕїрїЇрѕФрѕЮ рѕѕрѕЏрІўрІЮ @wamrt1
┬а┬а┬а┬а┬а┬а┬а┬а┬а┬а┬а┬а┬а┬а┬а┬а┬а┬а┬а┬а┬а┬а┬а┬а┬а┬а┬а┬а┬а┬а┬а┬а┬а┬а┬а@wamrt2
­ЪЊЇріарІхрѕФрѕ╗рЅйріЋ:-
1№ИЈРЃБ.­ЪЊї рѕюріГрѕ▓рі« ріарѕЇрѕ│рѕЮ ріарЇЊрѕГрЅ│рѕЏ рїЇрѕФрІЇріЋрІх рЅЂ. 29

2№ИЈРЃБ.­ЪЊї рЅдрѕї рѕўрІхрѕљріћрІЊрѕѕрѕЮ рЅдрѕї рѕўрѕ░ріЊрІХ рЅх/рЅцрЅх рЇірЅхрѕѕрЇірЅх ріарѕѕрѕЮріљрѕй рЇЋрѕІрІЏ рїЇрѕФрІЇріЋрІх рѕ▒рЅЁ рЅЂрїЦрѕГ 05 

­ЪЊ╗(+251941661030 / +251943190237)

­ЪЉЇрѕѕрІѕрІ│рїЁрІј рѕхрѕІрїІрѕЕ ріЦріЊрѕўрѕарїЇріЊрѕѕріЋ Рў║№ИЈ

­Ъцф рЅ┤рѕїрїЇрѕФрѕЮ рЅ╗ріЊрѕЇ t.me/AwasMart

­ЪЊї­ЪЊї­ЪЊї­ЪЊї­ЪЊї­ЪЊї­ЪЊї­ЪЊї­ЪЊї­ЪЊї­ЪЊї",-1001429900086,847,data/raw/media\@AwasMart_11855.jpg,,"РЮЄ№ИЈBaby bank feeding bottle рІІрїІ­Ъњх ­Ъњ░ 2,000 ETB ­ЪњгрЅарЅ┤рѕїрїЇрѕФрѕЮ рѕѕрѕЏрІўрІЮ @wamrt1 @wamrt2 ­ЪЊЇріарІхрѕФрѕ╗рЅйріЋ:- 1№ИЈРЃБ.­ЪЊї рѕюріГрѕ▓рі« ріарѕЇрѕ│рѕЮ ріарЇЊрѕГрЅ│рѕЏ рїЇрѕФрІЇріЋрІх рЅЂ. 29 2№ИЈРЃБ.­ЪЊї рЅдрѕї рѕўрІхрѕљріћрІЊрѕѕрѕЮ рЅдрѕї рѕўрѕ░ріЊрІХ рЅх/рЅцрЅх рЇірЅхрѕѕрЇірЅх ріарѕѕрѕЮріљрѕй рЇЋрѕІрІЏ рїЇрѕФрІЇріЋрІх рѕ▒рЅЁ рЅЂрїЦрѕГ 05 ­ЪЊ╗(+251941661030 / +251943190237) ­ЪЉЇрѕѕрІѕрІ│рїЁрІј рѕхрѕІрїІрѕЕ ріЦріЊрѕўрѕарїЇріЊрѕѕріЋ Рў║№ИЈ ­Ъцф рЅ┤рѕїрїЇрѕФрѕЮ рЅ╗ріЊрѕЇ t.me/AwasMart ­ЪЊї­ЪЊї­ЪЊї­ЪЊї­ЪЊї­ЪЊї­ЪЊї­ЪЊї­ЪЊї­ЪЊї­ЪЊї","рѕЁрї╗ріЋ рЅБріЋріГ рѕўрѕўрїѕрЅбрІФ рїарѕГрѕЎрѕх рІІрїІ 2,000 ETB рЅарЅ┤рѕїрїЇрѕФрѕЮ рѕѕрѕЏрІўрІЮ wamrt1 wamrt2 ріарІхрѕФрѕ╗рЅйріЋ - 1 . рѕюріГрѕ▓рі« ріарѕЇрѕ│рѕЮ ріарЇЊрѕГрЅ│рѕЏ рїЇрѕФрІЇріЋрІх рЅЂ. 29 2 . рЅдрѕї рѕўрІхрѕљріћрІЊрѕѕрѕЮ рЅдрѕї рѕўрѕ░ріЊрІХ рЅх рЅцрЅх рЇірЅхрѕѕрЇірЅх ріарѕѕрѕЮріљрѕй рЇЋрѕІрІЏ рїЇрѕФрІЇріЋрІх рѕ▒рЅЁ рЅЂрїЦрѕГ 05 ( 251941661030 251943190237) рѕѕрІѕрІ│рїЁрІј рѕхрѕІрїІрѕЕ ріЦріЊрѕўрѕарїЇріЊрѕѕріЋ рЅ┤рѕїрїЇрѕФрѕЮ рЅ╗ріЊрѕЇ t.me AwasMart"
@AwasMart,11854,2025-06-20T10:53:49+00:00,­ЪїхDancing Cactus Toy,-1001429900086,1851,,data/raw/media\@AwasMart_11854.mp4,­ЪїхDancing Cactus Toy,рІ│ріЋрѕх_рѕ░рѕф рЅарѕерѕЃ_рЅ░ріГрѕЇ ріарѕ╗ріЋрїЅрѕірЅх
@AwasMart,11853,2025-06-20T10:53:49+00:00,­ЪїхDancing Cactus Toy,-1001429900086,1743,,data/raw/media\@AwasMart_11853.mp4,­ЪїхDancing Cactus Toy,рІ│ріЋрѕх_рѕ░рѕф рЅарѕерѕЃ_рЅ░ріГрѕЇ ріарѕ╗ріЋрїЅрѕірЅх
@AwasMart,11852,2025-06-20T10:53:15+00:00,"­ЪїхDancing Cactus Toy 

­Ъў▒рѕЇрїєрЅ╝ рЅарѕЮріЋ рІГрІЮріЊріЉ рЅЦрѕј рѕўрїеріљрЅЁ рЅђрѕе ­Ъў▒
­ЪЉХрІерѕЋрї╗ріЊрЅх ріарїФрІІрЅйРЮц
­Ъћ╣рЅарЅ╗рѕГрїЁ рІерѕџрѕ░рѕФ­ЪћІ
­Ъћ╣рІхрѕЮрїй / рѕЎрІџрЅЃ ­Ъћі рѕ▓ріерЇѕрЅх рІерѕџрІ░ріЋрѕх­ЪЦ│
­Ъћ╣рІерѕЇрїєрЅйріЋ рЅхріЕрѕерЅх­ЪЉђ рІерѕџрѕхрЅЦ
­Ъћ╣рѕЇрїєрЅй рЅарѕџріЊрїѕрѕЕрЅхріЋ рІ░рїЇрѕъ ріЦрІФрІѕрѕФ рІерѕџрІФрІЮріЊріЊрЅИрІЇ 
­ЪїхрЅ░ріГрѕЇ рІерѕџрѕўрѕхрѕЇ рїїрїЦ

┬а┬а┬а┬а┬а┬а рІІрїІ­ЪњхрЇд┬а ­Ъњ░1,000 рЅЦрѕГ

­ЪњгрЅарЅ┤рѕїрїЇрѕФрѕЮ рѕѕрѕЏрІўрІЮ @wamrt1
┬а┬а┬а┬а┬а┬а┬а┬а┬а┬а┬а┬а┬а┬а┬а┬а┬а┬а┬а┬а┬а┬а┬а┬а┬а┬а┬а┬а┬а┬а┬а┬а┬а┬а┬а@wamrt2
­ЪЊЇріарІхрѕФрѕ╗рЅйріЋ:-
1№ИЈРЃБ.­ЪЊї рѕюріГрѕ▓рі« ріарѕЇрѕ│рѕЮ ріарЇЊрѕГрЅ│рѕЏ рїЇрѕФрІЇріЋрІх рЅЂ. 29

2№ИЈРЃБ.­ЪЊї рЅдрѕї рѕўрІхрѕљріћрІЊрѕѕрѕЮ рЅдрѕї рѕўрѕ░ріЊрІХ рЅх/рЅцрЅх рЇірЅхрѕѕрЇірЅх ріарѕѕрѕЮріљрѕй рЇЋрѕІрІЏ рїЇрѕФрІЇріЋрІх рѕ▒рЅЁ рЅЂрїЦрѕГ 05 

­ЪЊ╗(+251941661030 / +251943190237)

­ЪЉЇрѕѕрІѕрІ│рїЁрІј рѕхрѕІрїІрѕЕ ріЦріЊрѕўрѕарїЇріЊрѕѕріЋ Рў║№ИЈ

­Ъцф рЅ┤рѕїрїЇрѕФрѕЮ рЅ╗ріЊрѕЇ t.me/AwasMart

­ЪЊї­ЪЊї­ЪЊї­ЪЊї­ЪЊї­ЪЊї­ЪЊї­ЪЊї­ЪЊї­ЪЊї­ЪЊї",-1001429900086,1502,data/raw/media\@AwasMart_11852.jpg,,"­ЪїхDancing Cactus Toy ­Ъў▒рѕЇрїєрЅ╝ рЅарѕЮріЋ рІГрІЮріЊріЉ рЅЦрѕј рѕўрїеріљрЅЁ рЅђрѕе ­Ъў▒ ­ЪЉХрІерѕЋрї╗ріЊрЅх ріарїФрІІрЅйРЮц ­Ъћ╣рЅарЅ╗рѕГрїЁ рІерѕџрѕ░рѕФ­ЪћІ ­Ъћ╣рІхрѕЮрїй / рѕЎрІџрЅЃ ­Ъћі рѕ▓ріерЇѕрЅх рІерѕџрІ░ріЋрѕх­ЪЦ│ ­Ъћ╣рІерѕЇрїєрЅйріЋ рЅхріЕрѕерЅх­ЪЉђ рІерѕџрѕхрЅЦ ­Ъћ╣рѕЇрїєрЅй рЅарѕџріЊрїѕрѕЕрЅхріЋ рІ░рїЇрѕъ ріЦрІФрІѕрѕФ рІерѕџрІФрІЮріЊріЊрЅИрІЇ ­ЪїхрЅ░ріГрѕЇ рІерѕџрѕўрѕхрѕЇ рїїрїЦ рІІрїІ­Ъњх ­Ъњ░1,000 ETB ­ЪњгрЅарЅ┤рѕїрїЇрѕФрѕЮ рѕѕрѕЏрІўрІЮ @wamrt1 @wamrt2 ­ЪЊЇріарІхрѕФрѕ╗рЅйріЋ:- 1№ИЈРЃБ.­ЪЊї рѕюріГрѕ▓рі« ріарѕЇрѕ│рѕЮ ріарЇЊрѕГрЅ│рѕЏ рїЇрѕФрІЇріЋрІх рЅЂ. 29 2№ИЈРЃБ.­ЪЊї рЅдрѕї рѕўрІхрѕљріћрІЊрѕѕрѕЮ рЅдрѕї рѕўрѕ░ріЊрІХ рЅх/рЅцрЅх рЇірЅхрѕѕрЇірЅх ріарѕѕрѕЮріљрѕй рЇЋрѕІрІЏ рїЇрѕФрІЇріЋрІх рѕ▒рЅЁ рЅЂрїЦрѕГ 05 ­ЪЊ╗(+251941661030 / +251943190237) ­ЪЉЇрѕѕрІѕрІ│рїЁрІј рѕхрѕІрїІрѕЕ ріЦріЊрѕўрѕарїЇріЊрѕѕріЋ Рў║№ИЈ ­Ъцф рЅ┤рѕїрїЇрѕФрѕЮ рЅ╗ріЊрѕЇ t.me/AwasMart ­ЪЊї­ЪЊї­ЪЊї­ЪЊї­ЪЊї­ЪЊї­ЪЊї­ЪЊї­ЪЊї­ЪЊї­ЪЊї","рІ│ріЋрѕх_рѕ░рѕф рЅарѕерѕЃ_рЅ░ріГрѕЇ ріарѕ╗ріЋрїЅрѕірЅх рѕЇрїєрЅ╝ рЅарѕЮріЋ рІГрІЮріЊріЉ рЅЦрѕј рѕўрїеріљрЅЁ рЅђрѕе рІерѕЋрї╗ріЊрЅх ріарїФрІІрЅй рЅарЅ╗рѕГрїЁ рІерѕџрѕ░рѕФ рІхрѕЮрїй рѕЎрІџрЅЃ рѕ▓ріерЇѕрЅх рІерѕџрІ░ріЋрѕх рІерѕЇрїєрЅйріЋ рЅхріЕрѕерЅх рІерѕџрѕхрЅЦ рѕЇрїєрЅй рЅарѕџріЊрїѕрѕЕрЅхріЋ рІ░рїЇрѕъ ріЦрІФрІѕрѕФ рІерѕџрІФрІЮріЊріЊрЅИрІЇ рЅ░ріГрѕЇ рІерѕџрѕўрѕхрѕЇ рїїрїЦ рІІрїІ 1,000 ETB рЅарЅ┤рѕїрїЇрѕФрѕЮ рѕѕрѕЏрІўрІЮ wamrt1 wamrt2 ріарІхрѕФрѕ╗рЅйріЋ - 1 . рѕюріГрѕ▓рі« ріарѕЇрѕ│рѕЮ ріарЇЊрѕГрЅ│рѕЏ рїЇрѕФрІЇріЋрІх рЅЂ. 29 2 . рЅдрѕї рѕўрІхрѕљріћрІЊрѕѕрѕЮ рЅдрѕї рѕўрѕ░ріЊрІХ рЅх рЅцрЅх рЇірЅхрѕѕрЇірЅх ріарѕѕрѕЮріљрѕй рЇЋрѕІрІЏ рїЇрѕФрІЇріЋрІх рѕ▒рЅЁ рЅЂрїЦрѕГ 05 ( 251941661030 251943190237) рѕѕрІѕрІ│рїЁрІј рѕхрѕІрїІрѕЕ ріЦріЊрѕўрѕарїЇріЊрѕѕріЋ рЅ┤рѕїрїЇрѕФрѕЮ рЅ╗ріЊрѕЇ t.me AwasMart"
@AwasMart,11851,2025-06-20T07:15:50+00:00,"­ЪЇй­ЪЇй­ЪЇй­ЪЇй­ЪЇй­ЪЇй­ЪЇй­ЪЇй­ЪЇй­ЪЇй­ЪЇй­ЪЇй
РЮЄ№ИЈ12pcs Silicone Kitchen Set",-1001429900086,1681,,data/raw/media\@AwasMart_11851.mp4,­ЪЇй­ЪЇй­ЪЇй­ЪЇй­ЪЇй­ЪЇй­ЪЇй­ЪЇй­ЪЇй­ЪЇй­ЪЇй­ЪЇй РЮЄ№ИЈ12pcs Silicone Kitchen Set,12pcs Silicone ріЕрѕйріЊ рѕхрЅЦрѕхрЅЦ
@AwasMart,11850,2025-06-20T07:15:50+00:00,,-1001429900086,1601,data/raw/media\@AwasMart_11850.jpg,,,
@AwasMart,11849,2025-06-20T07:15:50+00:00,"РЮЄ№ИЈ12pcs Silicone Kitchen Set

­ЪЉЅavailable colors:- black and dark grey

┬а ┬а┬а┬а┬а┬а┬а рІІрїІ­ЪњхрЇд┬а ­Ъњ░2,000 рЅЦрѕГ

­ЪњгрЅарЅ┤рѕїрїЇрѕФрѕЮ рѕѕрѕЏрІўрІЮ @wamrt1
┬а┬а┬а┬а┬а┬а┬а┬а┬а┬а┬а┬а┬а┬а┬а┬а┬а┬а┬а┬а┬а┬а┬а┬а┬а┬а┬а┬а┬а┬а┬а┬а┬а┬а┬а@wamrt2
­ЪЊЇріарІхрѕФрѕ╗рЅйріЋ:-
1№ИЈРЃБ.­ЪЊї рѕюріГрѕ▓рі« ріарѕЇрѕ│рѕЮ ріарЇЊрѕГрЅ│рѕЏ рїЇрѕФрІЇріЋрІх рЅЂ. 29

2№ИЈРЃБ.­ЪЊї рЅдрѕї рѕўрІхрѕљріћрІЊрѕѕрѕЮ рЅдрѕї рѕўрѕ░ріЊрІХ рЅх/рЅцрЅх рЇірЅхрѕѕрЇірЅх ріарѕѕрѕЮріљрѕй рЇЋрѕІрІЏ рїЇрѕФрІЇріЋрІх рѕ▒рЅЁ рЅЂрїЦрѕГ 05 

­ЪЊ╗(+251941661030 / +251943190237)

­ЪЉЇрѕѕрІѕрІ│рїЁрІј рѕхрѕІрїІрѕЕ ріЦріЊрѕўрѕарїЇріЊрѕѕріЋ Рў║№ИЈ

­Ъцф рЅ┤рѕїрїЇрѕФрѕЮ рЅ╗ріЊрѕЇ t.me/AwasMart

­ЪЊї­ЪЊї­ЪЊї­ЪЊї­ЪЊї­ЪЊї­ЪЊї­ЪЊї­ЪЊї­ЪЊї­ЪЊї",-1001429900086,1629,data/raw/media\@AwasMart_11849.jpg,,"РЮЄ№ИЈ12pcs Silicone Kitchen Set ­ЪЉЅavailable colors:- black and dark grey рІІрїІ­Ъњх ­Ъњ░2,000 ETB ­ЪњгрЅарЅ┤рѕїрїЇрѕФрѕЮ рѕѕрѕЏрІўрІЮ @wamrt1 @wamrt2 ­ЪЊЇріарІхрѕФрѕ╗рЅйріЋ:- 1№ИЈРЃБ.­ЪЊї рѕюріГрѕ▓рі« ріарѕЇрѕ│рѕЮ ріарЇЊрѕГрЅ│рѕЏ рїЇрѕФрІЇріЋрІх рЅЂ. 29 2№ИЈРЃБ.­ЪЊї рЅдрѕї рѕўрІхрѕљріћрІЊрѕѕрѕЮ рЅдрѕї рѕўрѕ░ріЊрІХ рЅх/рЅцрЅх рЇірЅхрѕѕрЇірЅх ріарѕѕрѕЮріљрѕй рЇЋрѕІрІЏ рїЇрѕФрІЇріЋрІх рѕ▒рЅЁ рЅЂрїЦрѕГ 05 ­ЪЊ╗(+251941661030 / +251943190237) ­ЪЉЇрѕѕрІѕрІ│рїЁрІј рѕхрѕІрїІрѕЕ ріЦріЊрѕўрѕарїЇріЊрѕѕріЋ Рў║№ИЈ ­Ъцф рЅ┤рѕїрїЇрѕФрѕЮ рЅ╗ріЊрѕЇ t.me/AwasMart ­ЪЊї­ЪЊї­ЪЊї­ЪЊї­ЪЊї­ЪЊї­ЪЊї­ЪЊї­ЪЊї­ЪЊї­ЪЊї","12pcs Silicone ріЕрѕйріЊ рѕхрЅЦрѕхрЅЦ available colors - black and dark grey рІІрїІ 2,000 ETB рЅарЅ┤рѕїрїЇрѕФрѕЮ рѕѕрѕЏрІўрІЮ wamrt1 wamrt2 ріарІхрѕФрѕ╗рЅйріЋ - 1 . рѕюріГрѕ▓рі« ріарѕЇрѕ│рѕЮ ріарЇЊрѕГрЅ│рѕЏ рїЇрѕФрІЇріЋрІх рЅЂ. 29 2 . рЅдрѕї рѕўрІхрѕљріћрІЊрѕѕрѕЮ рЅдрѕї рѕўрѕ░ріЊрІХ рЅх рЅцрЅх рЇірЅхрѕѕрЇірЅх ріарѕѕрѕЮріљрѕй рЇЋрѕІрІЏ рїЇрѕФрІЇріЋрІх рѕ▒рЅЁ рЅЂрїЦрѕГ 05 ( 251941661030 251943190237) рѕѕрІѕрІ│рїЁрІј рѕхрѕІрїІрѕЕ ріЦріЊрѕўрѕарїЇріЊрѕѕріЋ рЅ┤рѕїрїЇрѕФрѕЮ рЅ╗ріЊрѕЇ t.me AwasMart"
@AwasMart,11848,2025-06-19T13:06:12+00:00,"­ЪЉеРђЇ­Ъњ╗­ЪЉЕРђЇ­Ъњ╗­ЪДЉРђЇ­Ъњ╗­ЪЉЕРђЇ­Ъњ╗­ЪЉеРђЇ­Ъњ╗­Ъў┤­ЪДЉРђЇ­Ъњ╗­ЪЉЕРђЇ­Ъњ╗­ЪЉеРђЇ­Ъњ╗­ЪЉеРђЇ­Ъњ╗ 
Foldable Height Adjustable Metal Frame Laptop Stand",-1001429900086,2104,,data/raw/media\@AwasMart_11848.mp4,­ЪЉеРђЇ­Ъњ╗­ЪЉЕРђЇ­Ъњ╗­ЪДЉРђЇ­Ъњ╗­ЪЉЕРђЇ­Ъњ╗­ЪЉеРђЇ­Ъњ╗­Ъў┤­ЪДЉРђЇ­Ъњ╗­ЪЉЕРђЇ­Ъњ╗­ЪЉеРђЇ­Ъњ╗­ЪЉеРђЇ­Ъњ╗ Foldable Height Adjustable Metal Frame Laptop Stand,Foldable Height Adjustable Metal Frame рѕІрЇЋрЅХрЇЋ рѕўрІ░рїѕрЇірІФ
@AwasMart,11847,2025-06-19T13:06:12+00:00,"­ЪЉЕРђЇ­Ъњ╗ Foldable Height Adjustable Metal Frame Laptop Stand­ЪЉеРђЇ­Ъњ╗
­Ъћ░Help your sitting posture
­Ъњ» High┬а Quality ( рІерЅЦрѕерЅ▒ )

рѕІрЇЋрЅХрЇЋ рїГріЋ рѕІрІГ ріарѕхрЅђрѕЮрїарІЇ рѕўрїарЅђрѕЮ рѕѕріерЇІ рїЅрІ│рЅх ріЦріЋрІ░рѕџрІФрїІрѕЇрїЦ рІерїцріЊ рЅБрѕѕрѕЎрІФрІјрЅй рІГріЊрїѕрѕФрѕЅ рЇц ріЦріЋрІ▓рѕЂрѕЮ рЅ┤рЅЦрѕЇ рѕІрІГ ріарІхрѕГрїѕрІЅ рѕ▓рїарЅђрѕЎ рЇІріЉ рѕхрѕѕрѕџрІ░рЇѕріЋ┬а ріерЇЇрЅ░ріЏ рѕЎрЅђрЅх рЅарѕўрЇЇрїарѕГ рІхрѕЮрЇЁ рІФрѕ░рѕЏрѕЇрЇб 

рѕѕрІџрѕЁ рѕЂрѕЅ рѕўрЇЇрЅхрѕё рЅ░рїБрїБрЇі рІерѕІрЇЋрЅХрЇЋ рЇБ рЅ│рЅЦрѕїрЅх Holder рЅарЅ░рѕўрїБрїБріЮ рІІрїІ рїѕрІЮрЅ░рІЅ рІеріЦрѕГрѕхрІјріЋріЊ рІерѕІрЇЋрЅХрЇЋрІјріЋ рїцріЋріљрЅх рІГрїарЅЦрЅЂрЇб

┬а┬а┬а┬а┬а┬а рІІрїІ­ЪњхрЇд┬а ­Ъњ░1,000 рЅЦрѕГ

­ЪњгрЅарЅ┤рѕїрїЇрѕФрѕЮ рѕѕрѕЏрІўрІЮ @wamrt1
┬а┬а┬а┬а┬а┬а┬а┬а┬а┬а┬а┬а┬а┬а┬а┬а┬а┬а┬а┬а┬а┬а┬а┬а┬а┬а┬а┬а┬а┬а┬а┬а┬а┬а┬а@wamrt2
­ЪЊЇріарІхрѕФрѕ╗рЅйріЋ:-
1№ИЈРЃБ.­ЪЊї рѕюріГрѕ▓рі« ріарѕЇрѕ│рѕЮ ріарЇЊрѕГрЅ│рѕЏ рїЇрѕФрІЇріЋрІх рЅЂ. 29

2№ИЈРЃБ.­ЪЊї рЅдрѕї рѕўрІхрѕљріћрІЊрѕѕрѕЮ рЅдрѕї рѕўрѕ░ріЊрІХ рЅх/рЅцрЅх рЇірЅхрѕѕрЇірЅх ріарѕѕрѕЮріљрѕй рЇЋрѕІрІЏ рїЇрѕФрІЇріЋрІх рѕ▒рЅЁ рЅЂрїЦрѕГ 05 

­ЪЊ╗(+251941661030 / +251943190237)

­ЪЉЇрѕѕрІѕрІ│рїЁрІј рѕхрѕІрїІрѕЕ ріЦріЊрѕўрѕарїЇріЊрѕѕріЋ Рў║№ИЈ

­Ъцф рЅ┤рѕїрїЇрѕФрѕЮ рЅ╗ріЊрѕЇ t.me/AwasMart

­ЪЊї­ЪЊї­ЪЊї­ЪЊї­ЪЊї­ЪЊї­ЪЊї­ЪЊї­ЪЊї­ЪЊї­ЪЊї",-1001429900086,2014,data/raw/media\@AwasMart_11847.jpg,,"­ЪЉЕРђЇ­Ъњ╗ Foldable Height Adjustable Metal Frame Laptop Stand­ЪЉеРђЇ­Ъњ╗ ­Ъћ░Help your sitting posture ­Ъњ» High Quality ( рІерЅЦрѕерЅ▒ ) рѕІрЇЋрЅХрЇЋ рїГріЋ рѕІрІГ ріарѕхрЅђрѕЮрїарІЇ рѕўрїарЅђрѕЮ рѕѕріерЇІ рїЅрІ│рЅх ріЦріЋрІ░рѕџрІФрїІрѕЇрїЦ рІерїцріЊ рЅБрѕѕрѕЎрІФрІјрЅй рІГріЊрїѕрѕФрѕЅ ріЦріЋрІ▓рѕЂрѕЮ рЅ┤рЅЦрѕЇ рѕІрІГ ріарІхрѕГрїѕрІЅ рѕ▓рїарЅђрѕЎ рЇІріЉ рѕхрѕѕрѕџрІ░рЇѕріЋ ріерЇЇрЅ░ріЏ рѕЎрЅђрЅх рЅарѕўрЇЇрїарѕГ рІхрѕЮрЇЁ рІФрѕ░рѕЏрѕЇ рѕѕрІџрѕЁ рѕЂрѕЅ рѕўрЇЇрЅхрѕё рЅ░рїБрїБрЇі рІерѕІрЇЋрЅХрЇЋ рЅ│рЅЦрѕїрЅх Holder рЅарЅ░рѕўрїБрїБріЮ рІІрїІ рїѕрІЮрЅ░рІЅ рІеріЦрѕГрѕхрІјріЋріЊ рІерѕІрЇЋрЅХрЇЋрІјріЋ рїцріЋріљрЅх рІГрїарЅЦрЅЂ рІІрїІ­Ъњх ­Ъњ░1,000 ETB ­ЪњгрЅарЅ┤рѕїрїЇрѕФрѕЮ рѕѕрѕЏрІўрІЮ @wamrt1 @wamrt2 ­ЪЊЇріарІхрѕФрѕ╗рЅйріЋ:- 1№ИЈРЃБ.­ЪЊї рѕюріГрѕ▓рі« ріарѕЇрѕ│рѕЮ ріарЇЊрѕГрЅ│рѕЏ рїЇрѕФрІЇріЋрІх рЅЂ. 29 2№ИЈРЃБ.­ЪЊї рЅдрѕї рѕўрІхрѕљріћрІЊрѕѕрѕЮ рЅдрѕї рѕўрѕ░ріЊрІХ рЅх/рЅцрЅх рЇірЅхрѕѕрЇірЅх ріарѕѕрѕЮріљрѕй рЇЋрѕІрІЏ рїЇрѕФрІЇріЋрІх рѕ▒рЅЁ рЅЂрїЦрѕГ 05 ­ЪЊ╗(+251941661030 / +251943190237) ­ЪЉЇрѕѕрІѕрІ│рїЁрІј рѕхрѕІрїІрѕЕ ріЦріЊрѕўрѕарїЇріЊрѕѕріЋ Рў║№ИЈ ­Ъцф рЅ┤рѕїрїЇрѕФрѕЮ рЅ╗ріЊрѕЇ t.me/AwasMart ­ЪЊї­ЪЊї­ЪЊї­ЪЊї­ЪЊї­ЪЊї­ЪЊї­ЪЊї­ЪЊї­ЪЊї­ЪЊї","Foldable Height Adjustable Metal Frame рѕІрЇЋрЅХрЇЋ рѕўрІ░рїѕрЇірІФ Help your sitting posture High Quality ( рІерЅЦрѕерЅ▒ ) рѕІрЇЋрЅХрЇЋ рїГріЋ рѕІрІГ ріарѕхрЅђрѕЮрїарІЇ рѕўрїарЅђрѕЮ рѕѕріерЇІ рїЅрІ│рЅх ріЦріЋрІ░рѕџрІФрїІрѕЇрїЦ рІерїцріЊ рЅБрѕѕрѕЎрІФрІјрЅй рІГріЊрїѕрѕФрѕЅ ріЦріЋрІ▓рѕЂрѕЮ рЅ┤рЅЦрѕЇ рѕІрІГ ріарІхрѕГрїѕрІЅ рѕ▓рїарЅђрѕЎ рЇІріЉ рѕхрѕѕрѕџрІ░рЇѕріЋ ріерЇЇрЅ░ріЏ рѕЎрЅђрЅх рЅарѕўрЇЇрїарѕГ рІхрѕЮрЇЁ рІФрѕ░рѕЏрѕЇ рѕѕрІџрѕЁ рѕЂрѕЅ рѕўрЇЇрЅхрѕё рЅ░рїБрїБрЇі рІерѕІрЇЋрЅХрЇЋ рЅ│рЅЦрѕїрЅх Holder рЅарЅ░рѕўрїБрїБріЮ рІІрїІ рїѕрІЮрЅ░рІЅ рІеріЦрѕГрѕхрІјріЋріЊ рІерѕІрЇЋрЅХрЇЋрІјріЋ рїцріЋріљрЅх рІГрїарЅЦрЅЂ рІІрїІ 1,000 ETB рЅарЅ┤рѕїрїЇрѕФрѕЮ рѕѕрѕЏрІўрІЮ wamrt1 wamrt2 ріарІхрѕФрѕ╗рЅйріЋ - 1 . рѕюріГрѕ▓рі« ріарѕЇрѕ│рѕЮ ріарЇЊрѕГрЅ│рѕЏ рїЇрѕФрІЇріЋрІх рЅЂ. 29 2 . рЅдрѕї рѕўрІхрѕљріћрІЊрѕѕрѕЮ рЅдрѕї рѕўрѕ░ріЊрІХ рЅх рЅцрЅх рЇірЅхрѕѕрЇірЅх ріарѕѕрѕЮріљрѕй рЇЋрѕІрІЏ рїЇрѕФрІЇріЋрІх рѕ▒рЅЁ рЅЂрїЦрѕГ 05 ( 251941661030 251943190237) рѕѕрІѕрІ│рїЁрІј рѕхрѕІрїІрѕЕ ріЦріЊрѕўрѕарїЇріЊрѕѕріЋ рЅ┤рѕїрїЇрѕФрѕЮ рЅ╗ріЊрѕЇ t.me AwasMart"
@AwasMart,11846,2025-06-19T07:18:36+00:00,"­ЪЇі­ЪЇі­ЪЇі­ЪЇј­ЪЇј­ЪЇј­ЪЇІ­ЪЇІ­ЪЇІ­ЪЇЄ­ЪЇЄ­ЪЇЄ
РЮЄ№ИЈ Manual Hand Press Fruit Juicer",-1001429900086,2083,,data/raw/media\@AwasMart_11846.mp4,­ЪЇі­ЪЇі­ЪЇі­ЪЇј­ЪЇј­ЪЇј­ЪЇІ­ЪЇІ­ЪЇІ­ЪЇЄ­ЪЇЄ­ЪЇЄ РЮЄ№ИЈ Manual Hand Press Fruit Juicer,Manual Hand Press Fruit рїГрѕЏрЅѓ_рѕЏрІЇрїФ
@AwasMart,11845,2025-06-19T07:18:36+00:00,"­ЪЇі­ЪЇі­ЪЇі­ЪЇј­ЪЇј­ЪЇј­ЪЇІ­ЪЇІ­ЪЇІ­ЪЇЄ­ЪЇЄ­ЪЇЄ
РЮЄ№ИЈ Manual Hand Press Fruit Juicer",-1001429900086,2001,,data/raw/media\@AwasMart_11845.mp4,­ЪЇі­ЪЇі­ЪЇі­ЪЇј­ЪЇј­ЪЇј­ЪЇІ­ЪЇІ­ЪЇІ­ЪЇЄ­ЪЇЄ­ЪЇЄ РЮЄ№ИЈ Manual Hand Press Fruit Juicer,Manual Hand Press Fruit рїГрѕЏрЅѓ_рѕЏрІЇрїФ
@AwasMart,11844,2025-06-19T07:18:36+00:00,"­ЪЇі­ЪЇі­ЪЇі­ЪЇј­ЪЇј­ЪЇј­ЪЇІ­ЪЇІ­ЪЇІ­ЪЇЄ­ЪЇЄ­ЪЇЄ
РЮЄ№ИЈ Manual Hand Press Fruit Juicer

┬а­Ъћ░Safe 
­Ъћ░Quick 
­Ъћ░Super Easy to Clean and 
­Ъћ░Effective Juicing

рІІрїІ­ЪњхрЇд┬а ­Ъњ░ 1,000 рЅЦрѕГ

­ЪњгрЅарЅ┤рѕїрїЇрѕФрѕЮ рѕѕрѕЏрІўрІЮ @wamrt1
┬а┬а┬а┬а┬а┬а┬а┬а┬а┬а┬а┬а┬а┬а┬а┬а┬а┬а┬а┬а┬а┬а┬а┬а┬а┬а┬а┬а┬а┬а┬а┬а┬а┬а┬а@wamrt2
­ЪЊЇріарІхрѕФрѕ╗рЅйріЋ:-
1№ИЈРЃБ.­ЪЊї рѕюріГрѕ▓рі« ріарѕЇрѕ│рѕЮ ріарЇЊрѕГрЅ│рѕЏ рїЇрѕФрІЇріЋрІх рЅЂ. 29

2№ИЈРЃБ.­ЪЊї рЅдрѕї рѕўрІхрѕљріћрІЊрѕѕрѕЮ рЅдрѕї рѕўрѕ░ріЊрІХ рЅх/рЅцрЅх рЇірЅхрѕѕрЇірЅх ріарѕѕрѕЮріљрѕй рЇЋрѕІрІЏ рїЇрѕФрІЇріЋрІх рѕ▒рЅЁ рЅЂрїЦрѕГ 05 

­ЪЊ╗(+251941661030 / +251943190237)

­ЪЉЇрѕѕрІѕрІ│рїЁрІј рѕхрѕІрїІрѕЕ ріЦріЊрѕўрѕарїЇріЊрѕѕріЋ Рў║№ИЈ

­Ъцф рЅ┤рѕїрїЇрѕФрѕЮ рЅ╗ріЊрѕЇ t.me/AwasMart

­ЪЊї­ЪЊї­ЪЊї­ЪЊї­ЪЊї­ЪЊї­ЪЊї­ЪЊї­ЪЊї­ЪЊї­ЪЊї",-1001429900086,1914,data/raw/media\@AwasMart_11844.jpg,,"­ЪЇі­ЪЇі­ЪЇі­ЪЇј­ЪЇј­ЪЇј­ЪЇІ­ЪЇІ­ЪЇІ­ЪЇЄ­ЪЇЄ­ЪЇЄ РЮЄ№ИЈ Manual Hand Press Fruit Juicer ­Ъћ░Safe ­Ъћ░Quick ­Ъћ░Super Easy to Clean and ­Ъћ░Effective Juicing рІІрїІ­Ъњх ­Ъњ░ 1,000 ETB ­ЪњгрЅарЅ┤рѕїрїЇрѕФрѕЮ рѕѕрѕЏрІўрІЮ @wamrt1 @wamrt2 ­ЪЊЇріарІхрѕФрѕ╗рЅйріЋ:- 1№ИЈРЃБ.­ЪЊї рѕюріГрѕ▓рі« ріарѕЇрѕ│рѕЮ ріарЇЊрѕГрЅ│рѕЏ рїЇрѕФрІЇріЋрІх рЅЂ. 29 2№ИЈРЃБ.­ЪЊї рЅдрѕї рѕўрІхрѕљріћрІЊрѕѕрѕЮ рЅдрѕї рѕўрѕ░ріЊрІХ рЅх/рЅцрЅх рЇірЅхрѕѕрЇірЅх ріарѕѕрѕЮріљрѕй рЇЋрѕІрІЏ рїЇрѕФрІЇріЋрІх рѕ▒рЅЁ рЅЂрїЦрѕГ 05 ­ЪЊ╗(+251941661030 / +251943190237) ­ЪЉЇрѕѕрІѕрІ│рїЁрІј рѕхрѕІрїІрѕЕ ріЦріЊрѕўрѕарїЇріЊрѕѕріЋ Рў║№ИЈ ­Ъцф рЅ┤рѕїрїЇрѕФрѕЮ рЅ╗ріЊрѕЇ t.me/AwasMart ­ЪЊї­ЪЊї­ЪЊї­ЪЊї­ЪЊї­ЪЊї­ЪЊї­ЪЊї­ЪЊї­ЪЊї­ЪЊї","Manual Hand Press Fruit рїГрѕЏрЅѓ_рѕЏрІЇрїФ Safe Quick Super Easy to Clean and Effective Juicing рІІрїІ 1,000 ETB рЅарЅ┤рѕїрїЇрѕФрѕЮ рѕѕрѕЏрІўрІЮ wamrt1 wamrt2 ріарІхрѕФрѕ╗рЅйріЋ - 1 . рѕюріГрѕ▓рі« ріарѕЇрѕ│рѕЮ ріарЇЊрѕГрЅ│рѕЏ рїЇрѕФрІЇріЋрІх рЅЂ. 29 2 . рЅдрѕї рѕўрІхрѕљріћрІЊрѕѕрѕЮ рЅдрѕї рѕўрѕ░ріЊрІХ рЅх рЅцрЅх рЇірЅхрѕѕрЇірЅх ріарѕѕрѕЮріљрѕй рЇЋрѕІрІЏ рїЇрѕФрІЇріЋрІх рѕ▒рЅЁ рЅЂрїЦрѕГ 05 ( 251941661030 251943190237) рѕѕрІѕрІ│рїЁрІј рѕхрѕІрїІрѕЕ ріЦріЊрѕўрѕарїЇріЊрѕѕріЋ рЅ┤рѕїрїЇрѕФрѕЮ рЅ╗ріЊрѕЇ t.me AwasMart"
@AwasMart,11843,2025-06-18T06:28:29+00:00,РЮЄ№ИЈImpulse sealer for PP/PE bags,-1001429900086,2469,,data/raw/media\@AwasMart_11843.mp4,РЮЄ№ИЈImpulse sealer for PP/PE bags,Impulse рѕўрІЮрїірІФ for PP PE bags
@AwasMart,11842,2025-06-18T06:28:29+00:00,"РЮЄ№ИЈ Brother Impulse sealer for PP/PE bags

­ЪЉЅSize:- 400mm

┬а┬а┬а┬а┬а┬а рІІрїІ­ЪњхрЇд┬а ­Ъњ░ 4,000 рЅЦрѕГ

­ЪњгрЅарЅ┤рѕїрїЇрѕФрѕЮ рѕѕрѕЏрІўрІЮ @wamrt1
┬а┬а┬а┬а┬а┬а┬а┬а┬а┬а┬а┬а┬а┬а┬а┬а┬а┬а┬а┬а┬а┬а┬а┬а┬а┬а┬а┬а┬а┬а┬а┬а┬а┬а┬а@wamrt2
­ЪЊЇріарІхрѕФрѕ╗рЅйріЋ:-
1№ИЈРЃБ.­ЪЊї рѕюріГрѕ▓рі« ріарѕЇрѕ│рѕЮ ріарЇЊрѕГрЅ│рѕЏ рїЇрѕФрІЇріЋрІх рЅЂ. 29

2№ИЈРЃБ.­ЪЊї рЅдрѕї рѕўрІхрѕљріћрІЊрѕѕрѕЮ рЅдрѕї рѕўрѕ░ріЊрІХ рЅх/рЅцрЅх рЇірЅхрѕѕрЇірЅх ріарѕѕрѕЮріљрѕй рЇЋрѕІрІЏ рїЇрѕФрІЇріЋрІх рѕ▒рЅЁ рЅЂрїЦрѕГ 05 

­ЪЊ╗(+251941661030 / +251943190237)

­ЪЉЇрѕѕрІѕрІ│рїЁрІј рѕхрѕІрїІрѕЕ ріЦріЊрѕўрѕарїЇріЊрѕѕріЋ Рў║№ИЈ

­Ъцф рЅ┤рѕїрїЇрѕФрѕЮ рЅ╗ріЊрѕЇ t.me/AwasMart

­ЪЊї­ЪЊї­ЪЊї­ЪЊї­ЪЊї­ЪЊї­ЪЊї­ЪЊї­ЪЊї­ЪЊї­ЪЊї",-1001429900086,2396,data/raw/media\@AwasMart_11842.jpg,,"РЮЄ№ИЈ Brother Impulse sealer for PP/PE bags ­ЪЉЅSize:- 400mm рІІрїІ­Ъњх ­Ъњ░ 4,000 ETB ­ЪњгрЅарЅ┤рѕїрїЇрѕФрѕЮ рѕѕрѕЏрІўрІЮ @wamrt1 @wamrt2 ­ЪЊЇріарІхрѕФрѕ╗рЅйріЋ:- 1№ИЈРЃБ.­ЪЊї рѕюріГрѕ▓рі« ріарѕЇрѕ│рѕЮ ріарЇЊрѕГрЅ│рѕЏ рїЇрѕФрІЇріЋрІх рЅЂ. 29 2№ИЈРЃБ.­ЪЊї рЅдрѕї рѕўрІхрѕљріћрІЊрѕѕрѕЮ рЅдрѕї рѕўрѕ░ріЊрІХ рЅх/рЅцрЅх рЇірЅхрѕѕрЇірЅх ріарѕѕрѕЮріљрѕй рЇЋрѕІрІЏ рїЇрѕФрІЇріЋрІх рѕ▒рЅЁ рЅЂрїЦрѕГ 05 ­ЪЊ╗(+251941661030 / +251943190237) ­ЪЉЇрѕѕрІѕрІ│рїЁрІј рѕхрѕІрїІрѕЕ ріЦріЊрѕўрѕарїЇріЊрѕѕріЋ Рў║№ИЈ ­Ъцф рЅ┤рѕїрїЇрѕФрѕЮ рЅ╗ріЊрѕЇ t.me/AwasMart ­ЪЊї­ЪЊї­ЪЊї­ЪЊї­ЪЊї­ЪЊї­ЪЊї­ЪЊї­ЪЊї­ЪЊї­ЪЊї","Brother Impulse рѕўрІЮрїірІФ for PP PE bags Size - 400mm рІІрїІ 4,000 ETB рЅарЅ┤рѕїрїЇрѕФрѕЮ рѕѕрѕЏрІўрІЮ wamrt1 wamrt2 ріарІхрѕФрѕ╗рЅйріЋ - 1 . рѕюріГрѕ▓рі« ріарѕЇрѕ│рѕЮ ріарЇЊрѕГрЅ│рѕЏ рїЇрѕФрІЇріЋрІх рЅЂ. 29 2 . рЅдрѕї рѕўрІхрѕљріћрІЊрѕѕрѕЮ рЅдрѕї рѕўрѕ░ріЊрІХ рЅх рЅцрЅх рЇірЅхрѕѕрЇірЅх ріарѕѕрѕЮріљрѕй рЇЋрѕІрІЏ рїЇрѕФрІЇріЋрІх рѕ▒рЅЁ рЅЂрїЦрѕГ 05 ( 251941661030 251943190237) рѕѕрІѕрІ│рїЁрІј рѕхрѕІрїІрѕЕ ріЦріЊрѕўрѕарїЇріЊрѕѕріЋ рЅ┤рѕїрїЇрѕФрѕЮ рЅ╗ріЊрѕЇ t.me AwasMart"
@AwasMart,11841,2025-06-17T13:12:32+00:00,,-1001429900086,2768,data/raw/media\@AwasMart_11841.jpg,,,
@AwasMart,11840,2025-06-17T13:12:32+00:00,,-1001429900086,2885,data/raw/media\@AwasMart_11840.jpg,,,
@AwasMart,11839,2025-06-17T13:12:31+00:00,,-1001429900086,2619,data/raw/media\@AwasMart_11839.jpg,,,
@AwasMart,11838,2025-06-17T12:39:33+00:00,,-1001429900086,2714,data/raw/media\@AwasMart_11838.jpg,,,
@AwasMart,11837,2025-06-17T06:03:11+00:00,"­Ъдї­Ъћћ­ЪЇГ­ЪцГ­ЪДд­ЪјЂ­ЪјёРўЃ№ИЈ­ЪњА­ЪЋ»
­ЪЏђPororo sponge clay­ЪЏЂ­ЪЏЂ­ЪЏЂ",-1001429900086,2967,,data/raw/media\@AwasMart_11837.mp4,­Ъдї­Ъћћ­ЪЇГ­ЪцГ­ЪДд­ЪјЂ­ЪјёРўЃ№ИЈ­ЪњА­ЪЋ» ­ЪЏђPororo sponge clay­ЪЏЂ­ЪЏЂ­ЪЏЂ,Pororo sponge рѕИріГрѕІ
@AwasMart,11836,2025-06-17T06:03:11+00:00,"­Ъдї­Ъћћ­ЪЇГ­ЪцГ­ЪДд­ЪјЂ­ЪјёРўЃ№ИЈ­ЪњА­ЪЋ»
­ЪЏђPororo sponge clay­ЪЏЂ­ЪЏЂ­ЪЏЂ",-1001429900086,2839,,data/raw/media\@AwasMart_11836.mp4,­Ъдї­Ъћћ­ЪЇГ­ЪцГ­ЪДд­ЪјЂ­ЪјёРўЃ№ИЈ­ЪњА­ЪЋ» ­ЪЏђPororo sponge clay­ЪЏЂ­ЪЏЂ­ЪЏЂ,Pororo sponge рѕИріГрѕІ
@AwasMart,11835,2025-06-17T06:03:11+00:00,,-1001429900086,2429,data/raw/media\@AwasMart_11835.jpg,,,
@AwasMart,11834,2025-06-17T06:03:11+00:00,,-1001429900086,2475,data/raw/media\@AwasMart_11834.jpg,,,
@AwasMart,11833,2025-06-17T06:03:10+00:00,"­ЪЏђPororo sponge clay­ЪЏЂ­ЪЏЂ­ЪЏЂ

­ЪЉЅExfoliating sponge clay

┬а┬а┬а┬а┬а┬а рІІрїІ­ЪњхрЇд┬а ­Ъњ░200 рЅЦрѕГ

­ЪњгрЅарЅ┤рѕїрїЇрѕФрѕЮ рѕѕрѕЏрІўрІЮ @wamrt1
┬а┬а┬а┬а┬а┬а┬а┬а┬а┬а┬а┬а┬а┬а┬а┬а┬а┬а┬а┬а┬а┬а┬а┬а┬а┬а┬а┬а┬а┬а┬а┬а┬а┬а┬а@wamrt2
­ЪЊЇріарІхрѕФрѕ╗рЅйріЋ:-
1№ИЈРЃБ.­ЪЊї рѕюріГрѕ▓рі« ріарѕЇрѕ│рѕЮ ріарЇЊрѕГрЅ│рѕЏ рїЇрѕФрІЇріЋрІх рЅЂ. 29

2№ИЈРЃБ.­ЪЊї рЅдрѕї рѕўрІхрѕљріћрІЊрѕѕрѕЮ рЅдрѕї рѕўрѕ░ріЊрІХ рЅх/рЅцрЅх рЇірЅхрѕѕрЇірЅх ріарѕѕрѕЮріљрѕй рЇЋрѕІрІЏ рїЇрѕФрІЇріЋрІх рѕ▒рЅЁ рЅЂрїЦрѕГ 05 

­ЪЊ╗(+251941661030 / +251943190237)

­ЪЉЇрѕѕрІѕрІ│рїЁрІј рѕхрѕІрїІрѕЕ ріЦріЊрѕўрѕарїЇріЊрѕѕріЋ Рў║№ИЈ

­Ъцф рЅ┤рѕїрїЇрѕФрѕЮ рЅ╗ріЊрѕЇ t.me/AwasMart

­ЪЊї­ЪЊї­ЪЊї­ЪЊї­ЪЊї­ЪЊї­ЪЊї­ЪЊї­ЪЊї­ЪЊї­ЪЊї",-1001429900086,2345,data/raw/media\@AwasMart_11833.jpg,,­ЪЏђPororo sponge clay­ЪЏЂ­ЪЏЂ­ЪЏЂ ­ЪЉЅExfoliating sponge clay рІІрїІ­Ъњх ­Ъњ░200 ETB ­ЪњгрЅарЅ┤рѕїрїЇрѕФрѕЮ рѕѕрѕЏрІўрІЮ @wamrt1 @wamrt2 ­ЪЊЇріарІхрѕФрѕ╗рЅйріЋ:- 1№ИЈРЃБ.­ЪЊї рѕюріГрѕ▓рі« ріарѕЇрѕ│рѕЮ ріарЇЊрѕГрЅ│рѕЏ рїЇрѕФрІЇріЋрІх рЅЂ. 29 2№ИЈРЃБ.­ЪЊї рЅдрѕї рѕўрІхрѕљріћрІЊрѕѕрѕЮ рЅдрѕї рѕўрѕ░ріЊрІХ рЅх/рЅцрЅх рЇірЅхрѕѕрЇірЅх ріарѕѕрѕЮріљрѕй рЇЋрѕІрІЏ рїЇрѕФрІЇріЋрІх рѕ▒рЅЁ рЅЂрїЦрѕГ 05 ­ЪЊ╗(+251941661030 / +251943190237) ­ЪЉЇрѕѕрІѕрІ│рїЁрІј рѕхрѕІрїІрѕЕ ріЦріЊрѕўрѕарїЇріЊрѕѕріЋ Рў║№ИЈ ­Ъцф рЅ┤рѕїрїЇрѕФрѕЮ рЅ╗ріЊрѕЇ t.me/AwasMart ­ЪЊї­ЪЊї­ЪЊї­ЪЊї­ЪЊї­ЪЊї­ЪЊї­ЪЊї­ЪЊї­ЪЊї­ЪЊї,Pororo sponge рѕИріГрѕІ Exfoliating sponge рѕИріГрѕІ рІІрїІ 200 ETB рЅарЅ┤рѕїрїЇрѕФрѕЮ рѕѕрѕЏрІўрІЮ wamrt1 wamrt2 ріарІхрѕФрѕ╗рЅйріЋ - 1 . рѕюріГрѕ▓рі« ріарѕЇрѕ│рѕЮ ріарЇЊрѕГрЅ│рѕЏ рїЇрѕФрІЇріЋрІх рЅЂ. 29 2 . рЅдрѕї рѕўрІхрѕљріћрІЊрѕѕрѕЮ рЅдрѕї рѕўрѕ░ріЊрІХ рЅх рЅцрЅх рЇірЅхрѕѕрЇірЅх ріарѕѕрѕЮріљрѕй рЇЋрѕІрІЏ рїЇрѕФрІЇріЋрІх рѕ▒рЅЁ рЅЂрїЦрѕГ 05 ( 251941661030 251943190237) рѕѕрІѕрІ│рїЁрІј рѕхрѕІрїІрѕЕ ріЦріЊрѕўрѕарїЇріЊрѕѕріЋ рЅ┤рѕїрїЇрѕФрѕЮ рЅ╗ріЊрѕЇ t.me AwasMart
@AwasMart,11832,2025-06-16T14:43:53+00:00,,-1001429900086,2733,data/raw/media\@AwasMart_11832.jpg,,,
@AwasMart,11831,2025-06-16T14:43:53+00:00,,-1001429900086,2947,data/raw/media\@AwasMart_11831.jpg,,,
@AwasMart,11830,2025-06-16T14:43:53+00:00,,-1001429900086,2699,data/raw/media\@AwasMart_11830.jpg,,,
@AwasMart,11829,2025-06-16T14:43:53+00:00,,-1001429900086,2610,data/raw/media\@AwasMart_11829.jpg,,,
@AwasMart,11828,2025-06-16T14:43:53+00:00,,-1001429900086,2470,data/raw/media\@AwasMart_11828.jpg,,,
@AwasMart,11827,2025-06-16T14:43:53+00:00,,-1001429900086,2526,data/raw/media\@AwasMart_11827.jpg,,,
@AwasMart,11826,2025-06-16T14:43:53+00:00,,-1001429900086,2435,data/raw/media\@AwasMart_11826.jpg,,,
@AwasMart,11825,2025-06-16T14:43:52+00:00,"РЮЄ№ИЈHair Scalp Massager

­ЪЉЅSilicone Bristles 

┬а┬а┬а рІІрїІ­ЪњхрЇд┬а ­Ъњ░ 250 рЅЦрѕГ

­ЪњгрЅарЅ┤рѕїрїЇрѕФрѕЮ рѕѕрѕЏрІўрІЮ @wamrt1
┬а┬а┬а┬а┬а┬а┬а┬а┬а┬а┬а┬а┬а┬а┬а┬а┬а┬а┬а┬а┬а┬а┬а┬а┬а┬а┬а┬а┬а┬а┬а┬а┬а┬а┬а@wamrt2
­ЪЊЇріарІхрѕФрѕ╗рЅйріЋ:-
1№ИЈРЃБ.­ЪЊї рѕюріГрѕ▓рі« ріарѕЇрѕ│рѕЮ ріарЇЊрѕГрЅ│рѕЏ рїЇрѕФрІЇріЋрІх рЅЂ. 29

2№ИЈРЃБ.­ЪЊї рЅдрѕї рѕўрІхрѕљріћрІЊрѕѕрѕЮ рЅдрѕї рѕўрѕ░ріЊрІХ рЅх/рЅцрЅх рЇірЅхрѕѕрЇірЅх ріарѕѕрѕЮріљрѕй рЇЋрѕІрІЏ рїЇрѕФрІЇріЋрІх рѕ▒рЅЁ рЅЂрїЦрѕГ 05 

­ЪЊ╗(+251941661030 / +251943190237)

­ЪЉЇрѕѕрІѕрІ│рїЁрІј рѕхрѕІрїІрѕЕ ріЦріЊрѕўрѕарїЇріЊрѕѕріЋ Рў║№ИЈ

­Ъцф рЅ┤рѕїрїЇрѕФрѕЮ рЅ╗ріЊрѕЇ t.me/AwasMart

­ЪЊї­ЪЊї­ЪЊї­ЪЊї­ЪЊї­ЪЊї­ЪЊї­ЪЊї­ЪЊї­ЪЊї­ЪЊї",-1001429900086,2585,data/raw/media\@AwasMart_11825.jpg,,РЮЄ№ИЈHair Scalp Massager ­ЪЉЅSilicone Bristles рІІрїІ­Ъњх ­Ъњ░ 250 ETB ­ЪњгрЅарЅ┤рѕїрїЇрѕФрѕЮ рѕѕрѕЏрІўрІЮ @wamrt1 @wamrt2 ­ЪЊЇріарІхрѕФрѕ╗рЅйріЋ:- 1№ИЈРЃБ.­ЪЊї рѕюріГрѕ▓рі« ріарѕЇрѕ│рѕЮ ріарЇЊрѕГрЅ│рѕЏ рїЇрѕФрІЇріЋрІх рЅЂ. 29 2№ИЈРЃБ.­ЪЊї рЅдрѕї рѕўрІхрѕљріћрІЊрѕѕрѕЮ рЅдрѕї рѕўрѕ░ріЊрІХ рЅх/рЅцрЅх рЇірЅхрѕѕрЇірЅх ріарѕѕрѕЮріљрѕй рЇЋрѕІрІЏ рїЇрѕФрІЇріЋрІх рѕ▒рЅЁ рЅЂрїЦрѕГ 05 ­ЪЊ╗(+251941661030 / +251943190237) ­ЪЉЇрѕѕрІѕрІ│рїЁрІј рѕхрѕІрїІрѕЕ ріЦріЊрѕўрѕарїЇріЊрѕѕріЋ Рў║№ИЈ ­Ъцф рЅ┤рѕїрїЇрѕФрѕЮ рЅ╗ріЊрѕЇ t.me/AwasMart ­ЪЊї­ЪЊї­ЪЊї­ЪЊї­ЪЊї­ЪЊї­ЪЊї­ЪЊї­ЪЊї­ЪЊї­ЪЊї,Hair Scalp Massager Silicone Bristles рІІрїІ 250 ETB рЅарЅ┤рѕїрїЇрѕФрѕЮ рѕѕрѕЏрІўрІЮ wamrt1 wamrt2 ріарІхрѕФрѕ╗рЅйріЋ - 1 . рѕюріГрѕ▓рі« ріарѕЇрѕ│рѕЮ ріарЇЊрѕГрЅ│рѕЏ рїЇрѕФрІЇріЋрІх рЅЂ. 29 2 . рЅдрѕї рѕўрІхрѕљріћрІЊрѕѕрѕЮ рЅдрѕї рѕўрѕ░ріЊрІХ рЅх рЅцрЅх рЇірЅхрѕѕрЇірЅх ріарѕѕрѕЮріљрѕй рЇЋрѕІрІЏ рїЇрѕФрІЇріЋрІх рѕ▒рЅЁ рЅЂрїЦрѕГ 05 ( 251941661030 251943190237) рѕѕрІѕрІ│рїЁрІј рѕхрѕІрїІрѕЕ ріЦріЊрѕўрѕарїЇріЊрѕѕріЋ рЅ┤рѕїрїЇрѕФрѕЮ рЅ╗ріЊрѕЇ t.me AwasMart
@AwasMart,11824,2025-06-16T06:27:33+00:00,"­ЪЉ╝­ЪЉ╝­ЪЉ╝­ЪЉ╝­ЪЉ╝­ЪЉ╝­ЪЉ╝­ЪЉ╝­ЪЉ╝­ЪЉ╝­ЪЉХ­ЪЉХ
РЮЄ№ИЈBABY SWADDLING BLANKETS",-1001429900086,2761,,data/raw/media\@AwasMart_11824.mp4,­ЪЉ╝­ЪЉ╝­ЪЉ╝­ЪЉ╝­ЪЉ╝­ЪЉ╝­ЪЉ╝­ЪЉ╝­ЪЉ╝­ЪЉ╝­ЪЉХ­ЪЉХ РЮЄ№ИЈBABY SWADDLING BLANKETS,рѕЁрї╗ріЋ SWADDLING BLANKETS
@AwasMart,11823,2025-06-16T06:26:54+00:00,"­ЪЉ╝­ЪЉ╝­ЪЉ╝­ЪЉ╝­ЪЉ╝­ЪЉ╝­ЪЉ╝­ЪЉ╝­ЪЉ╝­ЪЉ╝­ЪЉХ­ЪЉХ
РЮЄ№ИЈBABY SWADDLING BLANKETS

рІерїерЅЁрѕІ рѕЁрЇЃріЊрЅх рѕЏрЅђрЇірІФріЊ рѕЏрѕхрЅ░ріЏ рЅЦрѕГрІх рѕЇрЅЦрѕх
­ЪЉЅ ріарІ▓рѕх рѕѕрЅ░рІѕрѕѕрІ▒ ріЦріЊ┬а ріЦрѕхріе 6рІѕрѕГ рѕІрѕЅ рѕЁрЇЃріЊрЅх рІерѕџрѕєріЋ
­ЪЉЅ рЅарїБрѕЮ рІѕрЇЇрѕФрѕЮ рѕѕрѕхрѕІрѕ│
­ЪЉЅ рѕЁрЇЃріЊрЅх ріЦріЊ ріЦріЊрЅХрЅй рІерѕџрѕўрѕГрїАрЅх 

рІІрїІ­ЪњхрЇд┬а ­Ъњ░ 1,800 рЅЦрѕГ

­ЪњгрЅарЅ┤рѕїрїЇрѕФрѕЮ рѕѕрѕЏрІўрІЮ @awasadmin1
┬а┬а┬а┬а┬а┬а┬а┬а┬а┬а┬а┬а┬а┬а┬а┬а┬а┬а┬а┬а┬а┬а┬а┬а┬а┬а┬а┬а┬а┬а┬а┬а┬а┬а┬а┬а┬а┬а┬а @awasadmin2

­ЪЊЇріарІхрѕФрѕ╗рЅйріЋ:-
1№ИЈРЃБ.­ЪЊї рѕюріГрѕ▓рі« ріарѕЇрѕ│рѕЮ ріарЇЊрѕГрЅ│рѕЏ рїЇрѕФрІЇріЋрІх рЅЂ. 29

2№ИЈРЃБ.­ЪЊї рЅдрѕї рѕўрІхрѕљріћрІЊрѕѕрѕЮ рЅдрѕї рѕўрѕ░ріЊрІХ рЅх/рЅцрЅх рЇірЅхрѕѕрЇірЅх ріарѕѕрѕЮріљрѕй рЇЋрѕІрІЏ рїЇрѕФрІЇріЋрІх рѕ▒рЅЁ рЅЂрїЦрѕГ 05 

­ЪЊ╗(+251941661030 / +251943190237)

­ЪЉЇрѕѕрІѕрІ│рїЁрІј рѕхрѕІрїІрѕЕ ріЦріЊрѕўрѕарїЇріЊрѕѕріЋ Рў║№ИЈ

­Ъцф рЅ┤рѕїрїЇрѕФрѕЮ рЅ╗ріЊрѕЇ t.me/AwasMart

­ЪЊї­ЪЊї­ЪЊї­ЪЊї­ЪЊї­ЪЊї­ЪЊї­ЪЊї­ЪЊї­ЪЊї­ЪЊї",-1001429900086,2823,data/raw/media\@AwasMart_11823.jpg,,"­ЪЉ╝­ЪЉ╝­ЪЉ╝­ЪЉ╝­ЪЉ╝­ЪЉ╝­ЪЉ╝­ЪЉ╝­ЪЉ╝­ЪЉ╝­ЪЉХ­ЪЉХ РЮЄ№ИЈBABY SWADDLING BLANKETS рІерїерЅЁрѕІ рѕЁрЇЃріЊрЅх рѕЏрЅђрЇірІФріЊ рѕЏрѕхрЅ░ріЏ рЅЦрѕГрІх рѕЇрЅЦрѕх ­ЪЉЅ ріарІ▓рѕх рѕѕрЅ░рІѕрѕѕрІ▒ ріЦріЊ ріЦрѕхріе 6рІѕрѕГ рѕІрѕЅ рѕЁрЇЃріЊрЅх рІерѕџрѕєріЋ ­ЪЉЅ рЅарїБрѕЮ рІѕрЇЇрѕФрѕЮ рѕѕрѕхрѕІрѕ│ ­ЪЉЅ рѕЁрЇЃріЊрЅх ріЦріЊ ріЦріЊрЅХрЅй рІерѕџрѕўрѕГрїАрЅх рІІрїІ­Ъњх ­Ъњ░ 1,800 ETB ­ЪњгрЅарЅ┤рѕїрїЇрѕФрѕЮ рѕѕрѕЏрІўрІЮ @awasadmin1 @awasadmin2 ­ЪЊЇріарІхрѕФрѕ╗рЅйріЋ:- 1№ИЈРЃБ.­ЪЊї рѕюріГрѕ▓рі« ріарѕЇрѕ│рѕЮ ріарЇЊрѕГрЅ│рѕЏ рїЇрѕФрІЇріЋрІх рЅЂ. 29 2№ИЈРЃБ.­ЪЊї рЅдрѕї рѕўрІхрѕљріћрІЊрѕѕрѕЮ рЅдрѕї рѕўрѕ░ріЊрІХ рЅх/рЅцрЅх рЇірЅхрѕѕрЇірЅх ріарѕѕрѕЮріљрѕй рЇЋрѕІрІЏ рїЇрѕФрІЇріЋрІх рѕ▒рЅЁ рЅЂрїЦрѕГ 05 ­ЪЊ╗(+251941661030 / +251943190237) ­ЪЉЇрѕѕрІѕрІ│рїЁрІј рѕхрѕІрїІрѕЕ ріЦріЊрѕўрѕарїЇріЊрѕѕріЋ Рў║№ИЈ ­Ъцф рЅ┤рѕїрїЇрѕФрѕЮ рЅ╗ріЊрѕЇ t.me/AwasMart ­ЪЊї­ЪЊї­ЪЊї­ЪЊї­ЪЊї­ЪЊї­ЪЊї­ЪЊї­ЪЊї­ЪЊї­ЪЊї","рѕЁрї╗ріЋ SWADDLING BLANKETS рІерїерЅЁрѕІ рѕЁрЇЃріЊрЅх рѕЏрЅђрЇірІФріЊ рѕЏрѕхрЅ░ріЏ рЅЦрѕГрІх рѕЇрЅЦрѕх ріарІ▓рѕх рѕѕрЅ░рІѕрѕѕрІ▒ ріЦріЊ ріЦрѕхріе 6рІѕрѕГ рѕІрѕЅ рѕЁрЇЃріЊрЅх рІерѕџрѕєріЋ рЅарїБрѕЮ рІѕрЇЇрѕФрѕЮ рѕѕрѕхрѕІрѕ│ рѕЁрЇЃріЊрЅх ріЦріЊ ріЦріЊрЅХрЅй рІерѕџрѕўрѕГрїАрЅх рІІрїІ 1,800 ETB рЅарЅ┤рѕїрїЇрѕФрѕЮ рѕѕрѕЏрІўрІЮ awasadmin1 awasadmin2 ріарІхрѕФрѕ╗рЅйріЋ - 1 . рѕюріГрѕ▓рі« ріарѕЇрѕ│рѕЮ ріарЇЊрѕГрЅ│рѕЏ рїЇрѕФрІЇріЋрІх рЅЂ. 29 2 . рЅдрѕї рѕўрІхрѕљріћрІЊрѕѕрѕЮ рЅдрѕї рѕўрѕ░ріЊрІХ рЅх рЅцрЅх рЇірЅхрѕѕрЇірЅх ріарѕѕрѕЮріљрѕй рЇЋрѕІрІЏ рїЇрѕФрІЇріЋрІх рѕ▒рЅЁ рЅЂрїЦрѕГ 05 ( 251941661030 251943190237) рѕѕрІѕрІ│рїЁрІј рѕхрѕІрїІрѕЕ ріЦріЊрѕўрѕарїЇріЊрѕѕріЋ рЅ┤рѕїрїЇрѕФрѕЮ рЅ╗ріЊрѕЇ t.me AwasMart"
@AwasMart,11822,2025-06-14T18:01:27+00:00,,-1001429900086,3331,data/raw/media\@AwasMart_11822.jpg,,,
@AwasMart,11821,2025-06-14T18:01:26+00:00,,-1001429900086,3413,data/raw/media\@AwasMart_11821.jpg,,,
@AwasMart,11820,2025-06-14T18:01:26+00:00,,-1001429900086,3149,data/raw/media\@AwasMart_11820.jpg,,,
@AwasMart,11819,2025-06-14T18:01:26+00:00,,-1001429900086,3230,data/raw/media\@AwasMart_11819.jpg,,,
@AwasMart,11818,2025-06-14T18:01:26+00:00,,-1001429900086,3073,data/raw/media\@AwasMart_11818.jpg,,,
@AwasMart,11817,2025-06-14T18:01:26+00:00,,-1001429900086,3177,data/raw/media\@AwasMart_11817.jpg,,,
@AwasMart,11816,2025-06-14T18:01:26+00:00,,-1001429900086,2982,data/raw/media\@AwasMart_11816.jpg,,,
@AwasMart,11815,2025-06-14T18:01:26+00:00,,-1001429900086,3047,data/raw/media\@AwasMart_11815.jpg,,,
@AwasMart,11814,2025-06-14T18:01:26+00:00,"РЮЄ№ИЈ Mouth and Nasal Aspirator 

┬а┬а┬а┬а┬а┬а рІІрїІ­ЪњхрЇд┬а ­Ъњ░ 450 рЅЦрѕГ

­ЪњгрЅарЅ┤рѕїрїЇрѕФрѕЮ рѕѕрѕЏрІўрІЮ @wamrt1
┬а┬а┬а┬а┬а┬а┬а┬а┬а┬а┬а┬а┬а┬а┬а┬а┬а┬а┬а┬а┬а┬а┬а┬а┬а┬а┬а┬а┬а┬а┬а┬а┬а┬а┬а@wamrt2
­ЪЊЇріарІхрѕФрѕ╗рЅйріЋ:-
1№ИЈРЃБ.­ЪЊї рѕюріГрѕ▓рі« ріарѕЇрѕ│рѕЮ ріарЇЊрѕГрЅ│рѕЏ рїЇрѕФрІЇріЋрІх рЅЂ. 29

2№ИЈРЃБ.­ЪЊї рЅдрѕї рѕўрІхрѕљріћрІЊрѕѕрѕЮ рЅдрѕї рѕўрѕ░ріЊрІХ рЅх/рЅцрЅх рЇірЅхрѕѕрЇірЅх ріарѕѕрѕЮріљрѕй рЇЋрѕІрІЏ рїЇрѕФрІЇріЋрІх рѕ▒рЅЁ рЅЂрїЦрѕГ 05 

­ЪЊ╗(+251941661030 / +251943190237)

­ЪЉЇрѕѕрІѕрІ│рїЁрІј рѕхрѕІрїІрѕЕ ріЦріЊрѕўрѕарїЇріЊрѕѕріЋ Рў║№ИЈ

­Ъцф рЅ┤рѕїрїЇрѕФрѕЮ рЅ╗ріЊрѕЇ t.me/AwasMart

­ЪЊї­ЪЊї­ЪЊї­ЪЊї­ЪЊї­ЪЊї­ЪЊї­ЪЊї­ЪЊї­ЪЊї­ЪЊї",-1001429900086,3071,data/raw/media\@AwasMart_11814.jpg,,РЮЄ№ИЈ Mouth and Nasal Aspirator рІІрїІ­Ъњх ­Ъњ░ 450 ETB ­ЪњгрЅарЅ┤рѕїрїЇрѕФрѕЮ рѕѕрѕЏрІўрІЮ @wamrt1 @wamrt2 ­ЪЊЇріарІхрѕФрѕ╗рЅйріЋ:- 1№ИЈРЃБ.­ЪЊї рѕюріГрѕ▓рі« ріарѕЇрѕ│рѕЮ ріарЇЊрѕГрЅ│рѕЏ рїЇрѕФрІЇріЋрІх рЅЂ. 29 2№ИЈРЃБ.­ЪЊї рЅдрѕї рѕўрІхрѕљріћрІЊрѕѕрѕЮ рЅдрѕї рѕўрѕ░ріЊрІХ рЅх/рЅцрЅх рЇірЅхрѕѕрЇірЅх ріарѕѕрѕЮріљрѕй рЇЋрѕІрІЏ рїЇрѕФрІЇріЋрІх рѕ▒рЅЁ рЅЂрїЦрѕГ 05 ­ЪЊ╗(+251941661030 / +251943190237) ­ЪЉЇрѕѕрІѕрІ│рїЁрІј рѕхрѕІрїІрѕЕ ріЦріЊрѕўрѕарїЇріЊрѕѕріЋ Рў║№ИЈ ­Ъцф рЅ┤рѕїрїЇрѕФрѕЮ рЅ╗ріЊрѕЇ t.me/AwasMart ­ЪЊї­ЪЊї­ЪЊї­ЪЊї­ЪЊї­ЪЊї­ЪЊї­ЪЊї­ЪЊї­ЪЊї­ЪЊї,Mouth and Nasal Aspirator рІІрїІ 450 ETB рЅарЅ┤рѕїрїЇрѕФрѕЮ рѕѕрѕЏрІўрІЮ wamrt1 wamrt2 ріарІхрѕФрѕ╗рЅйріЋ - 1 . рѕюріГрѕ▓рі« ріарѕЇрѕ│рѕЮ ріарЇЊрѕГрЅ│рѕЏ рїЇрѕФрІЇріЋрІх рЅЂ. 29 2 . рЅдрѕї рѕўрІхрѕљріћрІЊрѕѕрѕЮ рЅдрѕї рѕўрѕ░ріЊрІХ рЅх рЅцрЅх рЇірЅхрѕѕрЇірЅх ріарѕѕрѕЮріљрѕй рЇЋрѕІрІЏ рїЇрѕФрІЇріЋрІх рѕ▒рЅЁ рЅЂрїЦрѕГ 05 ( 251941661030 251943190237) рѕѕрІѕрІ│рїЁрІј рѕхрѕІрїІрѕЕ ріЦріЊрѕўрѕарїЇріЊрѕѕріЋ рЅ┤рѕїрїЇрѕФрѕЮ рЅ╗ріЊрѕЇ t.me AwasMart
@AwasMart,11813,2025-06-14T12:33:35+00:00,"­Ъћќ­Ъћќ­Ъћќ­Ъћќ­Ъћќ­Ъћќ­Ъћќ­Ъћќ­Ъћќ­Ъћќ­Ъћќ­Ъћќ
рІЇрІх рІ░ріЋрЅаріърЅ╗рЅйріЋ рѕ▒рЅЃрЅйріЋ ріљрїѕ ріЦрѕЂрІх ріе4:30-11:00 рѕ░рІЊрЅх ріГрЇЇрЅх рѕўрѕєріЉріЋ рЅаріаріГрЅЦрѕ«рЅх ріЦріЋрїѕрѕЇрЇЃрѕѕріЋрЇб

­ЪЊЇріарІхрѕФрѕ╗рЅйріЋ:-
­ЪЊї рЅдрѕї рѕўрІхрѕљріћрІЊрѕѕрѕЮ рЅдрѕї рѕўрѕ░ріЊрІХ рЅх/рЅцрЅх рЇірЅхрѕѕрЇірЅх ріарѕѕрѕЮріљрѕй рЇЋрѕІрІЏ рїЇрѕФрІЇріЋрІх рѕ▒рЅЁ рЅЂрїЦрѕГ 05 

­ЪЊ╗(+251941661030 / +251943190237)

­ЪЉЇрѕѕрІѕрІ│рїЁрІј рѕхрѕІрїІрѕЕ ріЦріЊрѕўрѕарїЇріЊрѕѕріЋ Рў║№ИЈ

­Ъцф рЅ┤рѕїрїЇрѕФрѕЮ рЅ╗ріЊрѕЇ t.me/AwasMart

­ЪЊї­ЪЊї­ЪЊї­ЪЊї­ЪЊї­ЪЊї­ЪЊї­ЪЊї­ЪЊї­ЪЊї­ЪЊї",-1001429900086,3235,data/raw/media\@AwasMart_11813.jpg,,­Ъћќ­Ъћќ­Ъћќ­Ъћќ­Ъћќ­Ъћќ­Ъћќ­Ъћќ­Ъћќ­Ъћќ­Ъћќ­Ъћќ рІЇрІх рІ░ріЋрЅаріърЅ╗рЅйріЋ рѕ▒рЅЃрЅйріЋ ріљрїѕ ріЦрѕЂрІх ріе4:30-11:00 рѕ░рІЊрЅх ріГрЇЇрЅх рѕўрѕєріЉріЋ рЅаріаріГрЅЦрѕ«рЅх ріЦріЋрїѕрѕЇрЇЃрѕѕріЋ ­ЪЊЇріарІхрѕФрѕ╗рЅйріЋ:- ­ЪЊї рЅдрѕї рѕўрІхрѕљріћрІЊрѕѕрѕЮ рЅдрѕї рѕўрѕ░ріЊрІХ рЅх/рЅцрЅх рЇірЅхрѕѕрЇірЅх ріарѕѕрѕЮріљрѕй рЇЋрѕІрІЏ рїЇрѕФрІЇріЋрІх рѕ▒рЅЁ рЅЂрїЦрѕГ 05 ­ЪЊ╗(+251941661030 / +251943190237) ­ЪЉЇрѕѕрІѕрІ│рїЁрІј рѕхрѕІрїІрѕЕ ріЦріЊрѕўрѕарїЇріЊрѕѕріЋ Рў║№ИЈ ­Ъцф рЅ┤рѕїрїЇрѕФрѕЮ рЅ╗ріЊрѕЇ t.me/AwasMart ­ЪЊї­ЪЊї­ЪЊї­ЪЊї­ЪЊї­ЪЊї­ЪЊї­ЪЊї­ЪЊї­ЪЊї­ЪЊї,рІЇрІх рІ░ріЋрЅаріърЅ╗рЅйріЋ рѕ▒рЅЃрЅйріЋ ріљрїѕ ріЦрѕЂрІх ріе4 30-11 00 рѕ░рІЊрЅх ріГрЇЇрЅх рѕўрѕєріЉріЋ рЅаріаріГрЅЦрѕ«рЅх ріЦріЋрїѕрѕЇрЇЃрѕѕріЋ ріарІхрѕФрѕ╗рЅйріЋ - рЅдрѕї рѕўрІхрѕљріћрІЊрѕѕрѕЮ рЅдрѕї рѕўрѕ░ріЊрІХ рЅх рЅцрЅх рЇірЅхрѕѕрЇірЅх ріарѕѕрѕЮріљрѕй рЇЋрѕІрІЏ рїЇрѕФрІЇріЋрІх рѕ▒рЅЁ рЅЂрїЦрѕГ 05 ( 251941661030 251943190237) рѕѕрІѕрІ│рїЁрІј рѕхрѕІрїІрѕЕ ріЦріЊрѕўрѕарїЇріЊрѕѕріЋ рЅ┤рѕїрїЇрѕФрѕЮ рЅ╗ріЊрѕЇ t.me AwasMart
@AwasMart,11812,2025-06-13T14:46:07+00:00,,-1001429900086,3331,data/raw/media\@AwasMart_11812.jpg,,,
@AwasMart,11811,2025-06-13T14:46:07+00:00,,-1001429900086,3763,data/raw/media\@AwasMart_11811.jpg,,,
@AwasMart,11810,2025-06-13T14:46:07+00:00,,-1001429900086,3448,data/raw/media\@AwasMart_11810.jpg,,,
@AwasMart,11809,2025-06-13T14:46:07+00:00,,-1001429900086,3212,data/raw/media\@AwasMart_11809.jpg,,,
@AwasMart,11808,2025-06-13T14:46:07+00:00,,-1001429900086,3222,data/raw/media\@AwasMart_11808.jpg,,,
@AwasMart,11807,2025-06-13T14:46:07+00:00,,-1001429900086,3128,data/raw/media\@AwasMart_11807.jpg,,,
@AwasMart,11806,2025-06-13T14:45:51+00:00,"РЮЄ№ИЈLint Roller

┬а┬арІІрїІ­ЪњхрЇд┬а ­Ъњ░ 600 рЅЦрѕГ

­ЪњгрЅарЅ┤рѕїрїЇрѕФрѕЮ рѕѕрѕЏрІўрІЮ @wamrt1
┬а┬а┬а┬а┬а┬а┬а┬а┬а┬а┬а┬а┬а┬а┬а┬а┬а┬а┬а┬а┬а┬а┬а┬а┬а┬а┬а┬а┬а┬а┬а┬а┬а┬а┬а@wamrt2
­ЪЊЇріарІхрѕФрѕ╗рЅйріЋ:-
1№ИЈРЃБ.­ЪЊї рѕюріГрѕ▓рі« ріарѕЇрѕ│рѕЮ ріарЇЊрѕГрЅ│рѕЏ рїЇрѕФрІЇріЋрІх рЅЂ. 29

2№ИЈРЃБ.­ЪЊї рЅдрѕї рѕўрІхрѕљріћрІЊрѕѕрѕЮ рЅдрѕї рѕўрѕ░ріЊрІХ рЅх/рЅцрЅх рЇірЅхрѕѕрЇірЅх ріарѕѕрѕЮріљрѕй рЇЋрѕІрІЏ рїЇрѕФрІЇріЋрІх рѕ▒рЅЁ рЅЂрїЦрѕГ 05 

­ЪЊ╗(+251941661030 / +251943190237)

­ЪЉЇрѕѕрІѕрІ│рїЁрІј рѕхрѕІрїІрѕЕ ріЦріЊрѕўрѕарїЇріЊрѕѕріЋ Рў║№ИЈ

­Ъцф рЅ┤рѕїрїЇрѕФрѕЮ рЅ╗ріЊрѕЇ t.me/AwasMart

­ЪЊї­ЪЊї­ЪЊї­ЪЊї­ЪЊї­ЪЊї­ЪЊї­ЪЊї­ЪЊї­ЪЊї­ЪЊї",-1001429900086,3301,data/raw/media\@AwasMart_11806.jpg,,РЮЄ№ИЈLint Roller рІІрїІ­Ъњх ­Ъњ░ 600 ETB ­ЪњгрЅарЅ┤рѕїрїЇрѕФрѕЮ рѕѕрѕЏрІўрІЮ @wamrt1 @wamrt2 ­ЪЊЇріарІхрѕФрѕ╗рЅйріЋ:- 1№ИЈРЃБ.­ЪЊї рѕюріГрѕ▓рі« ріарѕЇрѕ│рѕЮ ріарЇЊрѕГрЅ│рѕЏ рїЇрѕФрІЇріЋрІх рЅЂ. 29 2№ИЈРЃБ.­ЪЊї рЅдрѕї рѕўрІхрѕљріћрІЊрѕѕрѕЮ рЅдрѕї рѕўрѕ░ріЊрІХ рЅх/рЅцрЅх рЇірЅхрѕѕрЇірЅх ріарѕѕрѕЮріљрѕй рЇЋрѕІрІЏ рїЇрѕФрІЇріЋрІх рѕ▒рЅЁ рЅЂрїЦрѕГ 05 ­ЪЊ╗(+251941661030 / +251943190237) ­ЪЉЇрѕѕрІѕрІ│рїЁрІј рѕхрѕІрїІрѕЕ ріЦріЊрѕўрѕарїЇріЊрѕѕріЋ Рў║№ИЈ ­Ъцф рЅ┤рѕїрїЇрѕФрѕЮ рЅ╗ріЊрѕЇ t.me/AwasMart ­ЪЊї­ЪЊї­ЪЊї­ЪЊї­ЪЊї­ЪЊї­ЪЊї­ЪЊї­ЪЊї­ЪЊї­ЪЊї,Lint Roller рІІрїІ 600 ETB рЅарЅ┤рѕїрїЇрѕФрѕЮ рѕѕрѕЏрІўрІЮ wamrt1 wamrt2 ріарІхрѕФрѕ╗рЅйріЋ - 1 . рѕюріГрѕ▓рі« ріарѕЇрѕ│рѕЮ ріарЇЊрѕГрЅ│рѕЏ рїЇрѕФрІЇріЋрІх рЅЂ. 29 2 . рЅдрѕї рѕўрІхрѕљріћрІЊрѕѕрѕЮ рЅдрѕї рѕўрѕ░ріЊрІХ рЅх рЅцрЅх рЇірЅхрѕѕрЇірЅх ріарѕѕрѕЮріљрѕй рЇЋрѕІрІЏ рїЇрѕФрІЇріЋрІх рѕ▒рЅЁ рЅЂрїЦрѕГ 05 ( 251941661030 251943190237) рѕѕрІѕрІ│рїЁрІј рѕхрѕІрїІрѕЕ ріЦріЊрѕўрѕарїЇріЊрѕѕріЋ рЅ┤рѕїрїЇрѕФрѕЮ рЅ╗ріЊрѕЇ t.me AwasMart
@AwasMart,11805,2025-06-13T07:48:31+00:00,РЮЄ№ИЈ Rechargeable Vintage Lamp Humidifier,-1001429900086,3107,,data/raw/media\@AwasMart_11805.mp4,РЮЄ№ИЈ Rechargeable Vintage Lamp Humidifier,Rechargeable Vintage Lamp Humidifier
@AwasMart,11804,2025-06-13T07:48:31+00:00,,-1001429900086,2844,data/raw/media\@AwasMart_11804.jpg,,,
@AwasMart,11803,2025-06-13T07:48:31+00:00,,-1001429900086,3126,data/raw/media\@AwasMart_11803.jpg,,,
@AwasMart,11802,2025-06-13T07:48:31+00:00,,-1001429900086,2737,data/raw/media\@AwasMart_11802.jpg,,,
@AwasMart,11801,2025-06-13T07:48:31+00:00,"РЮЄ№ИЈ Rechargeable Vintage Lamp Humidifier
┬а┬а┬а┬а┬а┬а┬а┬а ­Ъњ»High-quality 


РўЏрЅаріцрѕїріГрЅхрѕфріГ рІерѕџрѕ░рѕФ
РўЏрѕѕрЅцрЅх рѕўрѕЇріФрѕЮ рѕўрІЊрІЏріЋ рІерѕџрѕ░рїЦ

­ЪЉЅContinuously spray for 6 hours & automatically power off
РюЊCapacity: 280ml
РюЊSpray Amount: 25 -40ml/H
РюЊBattery Capacity: 1,200mAh
РюЊPower: 1.5W
РюЊBrightness level: 1%-100%
РюЊPurify the air & Beautify the Environment

РўЏ#Vintage_Lamp_Humidifier
РюЊCompact and portable
РюЊHealthy mist
РюЊGentle warm light
РюЊColorful Atmosphere Light
РюЊSecond-speed Spray
РюЊWireless Humidification

­ЪЉЅSuitable for home, office, bedroom, living room, bathroom, car, etc.

РўЏ#Package_Included:
1 x Humidifier
1 x USB Cable

┬а┬а┬а рІІрїІ­ЪФ░рЇд┬а ­Ъњ░1,800 рЅЦрѕГ

­ЪЉЅ­ЪњгрЅарЅ┤рѕїрїЇрѕФрѕЮ рѕѕрѕЏрІўрІЮ @awasadmin1
┬а┬а┬а┬а┬а┬а┬а┬а┬а┬а┬а┬а┬а┬а┬а┬а┬а┬а┬а┬а┬а┬а┬а┬а┬а┬а┬а┬а┬а┬а┬а┬а┬а┬а┬а┬а┬а┬а┬а @awasadmin2

­ЪЊЇріарІхрѕФрѕ╗рЅйріЋ:-
1№ИЈРЃБ.­ЪЊї рѕюріГрѕ▓рі« ріарѕЇрѕ│рѕЮ ріарЇЊрѕГрЅ│рѕЏ рїЇрѕФрІЇріЋрІх рЅЂ. 29

2№ИЈРЃБ.­ЪЊї рЅдрѕї рѕўрІхрѕљріћрІЊрѕѕрѕЮ рЅдрѕї рѕўрѕ░ріЊрІХ рЅх/рЅцрЅх рЇірЅхрѕѕрЇірЅх ріарѕѕрѕЮріљрѕй рЇЋрѕІрІЏ рїЇрѕФрІЇріЋрІх рѕ▒рЅЁ рЅЂрїЦрѕГ 05 

­ЪЊ╗(+251941661030 / +251943190237)

­ЪЉЇрѕѕрІѕрІ│рїЁрІј рѕхрѕІрїІрѕЕ ріЦріЊрѕўрѕарїЇріЊрѕѕріЋ Рў║№ИЈ

­Ъцф рЅ┤рѕїрїЇрѕФрѕЮ рЅ╗ріЊрѕЇ t.me/AwasMart

­ЪЊї­ЪЊї­ЪЊї­ЪЊї­ЪЊї­ЪЊї­ЪЊї­ЪЊї­ЪЊї­ЪЊї­ЪЊї",-1001429900086,3072,data/raw/media\@AwasMart_11801.jpg,,"РЮЄ№ИЈ Rechargeable Vintage Lamp Humidifier ­Ъњ»High-quality РўЏрЅаріцрѕїріГрЅхрѕфріГ рІерѕџрѕ░рѕФ РўЏрѕѕрЅцрЅх рѕўрѕЇріФрѕЮ рѕўрІЊрІЏріЋ рІерѕџрѕ░рїЦ ­ЪЉЅContinuously spray for 6 hours & automatically power off РюЊCapacity: 280ml РюЊSpray Amount: 25 -40ml/H РюЊBattery Capacity: 1,200mAh РюЊPower: 1.5W РюЊBrightness level: 1%-100% РюЊPurify the air & Beautify the Environment РўЏ#Vintage_Lamp_Humidifier РюЊCompact and portable РюЊHealthy mist РюЊGentle warm light РюЊColorful Atmosphere Light РюЊSecond-speed Spray РюЊWireless Humidification ­ЪЉЅSuitable for home, office, bedroom, living room, bathroom, car, etc. РўЏ#Package_Included: 1 x Humidifier 1 x USB Cable рІІрїІ­ЪФ░ ­Ъњ░1,800 ETB ­ЪЉЅ­ЪњгрЅарЅ┤рѕїрїЇрѕФрѕЮ рѕѕрѕЏрІўрІЮ @awasadmin1 @awasadmin2 ­ЪЊЇріарІхрѕФрѕ╗рЅйріЋ:- 1№ИЈРЃБ.­ЪЊї рѕюріГрѕ▓рі« ріарѕЇрѕ│рѕЮ ріарЇЊрѕГрЅ│рѕЏ рїЇрѕФрІЇріЋрІх рЅЂ. 29 2№ИЈРЃБ.­ЪЊї рЅдрѕї рѕўрІхрѕљріћрІЊрѕѕрѕЮ рЅдрѕї рѕўрѕ░ріЊрІХ рЅх/рЅцрЅх рЇірЅхрѕѕрЇірЅх ріарѕѕрѕЮріљрѕй рЇЋрѕІрІЏ рїЇрѕФрІЇріЋрІх рѕ▒рЅЁ рЅЂрїЦрѕГ 05 ­ЪЊ╗(+251941661030 / +251943190237) ­ЪЉЇрѕѕрІѕрІ│рїЁрІј рѕхрѕІрїІрѕЕ ріЦріЊрѕўрѕарїЇріЊрѕѕріЋ Рў║№ИЈ ­Ъцф рЅ┤рѕїрїЇрѕФрѕЮ рЅ╗ріЊрѕЇ t.me/AwasMart ­ЪЊї­ЪЊї­ЪЊї­ЪЊї­ЪЊї­ЪЊї­ЪЊї­ЪЊї­ЪЊї­ЪЊї­ЪЊї","Rechargeable Vintage Lamp Humidifier High-quality рЅаріцрѕїріГрЅхрѕфріГ рІерѕџрѕ░рѕФ рѕѕрЅцрЅх рѕўрѕЇріФрѕЮ рѕўрІЊрІЏріЋ рІерѕџрѕ░рїЦ Continuously spray for 6 hours automatically power off Capacity 280ml Spray Amount 25 -40ml H Battery Capacity 1,200mAh Power 1.5W Brightness level 1 -100 Purify the air Beautify the Environment Vintage_Lamp_Humidifier Compact and portable Healthy mist Gentle warm light Colorful Atmosphere Light Second-speed Spray Wireless Humidification Suitable for home, office, bedroom, living room, bathroom, car, etc. Package_Included 1 x Humidifier 1 x USB Cable рІІрїІ 1,800 ETB рЅарЅ┤рѕїрїЇрѕФрѕЮ рѕѕрѕЏрІўрІЮ awasadmin1 awasadmin2 ріарІхрѕФрѕ╗рЅйріЋ - 1 . рѕюріГрѕ▓рі« ріарѕЇрѕ│рѕЮ ріарЇЊрѕГрЅ│рѕЏ рїЇрѕФрІЇріЋрІх рЅЂ. 29 2 . рЅдрѕї рѕўрІхрѕљріћрІЊрѕѕрѕЮ рЅдрѕї рѕўрѕ░ріЊрІХ рЅх рЅцрЅх рЇірЅхрѕѕрЇірЅх ріарѕѕрѕЮріљрѕй рЇЋрѕІрІЏ рїЇрѕФрІЇріЋрІх рѕ▒рЅЁ рЅЂрїЦрѕГ 05 ( 251941661030 251943190237) рѕѕрІѕрІ│рїЁрІј рѕхрѕІрїІрѕЕ ріЦріЊрѕўрѕарїЇріЊрѕѕріЋ рЅ┤рѕїрїЇрѕФрѕЮ рЅ╗ріЊрѕЇ t.me AwasMart"
@AwasMart,11800,2025-06-12T16:58:23+00:00,РЮЄ№ИЈBaby Bath Net Bed,-1001429900086,2945,,data/raw/media\@AwasMart_11800.mp4,РЮЄ№ИЈBaby Bath Net Bed,рѕЁрї╗ріЋ Bath Net Bed
@AwasMart,11799,2025-06-12T16:58:23+00:00,РЮЄ№ИЈBaby Bath Net Bed,-1001429900086,2805,,data/raw/media\@AwasMart_11799.mp4,РЮЄ№ИЈBaby Bath Net Bed,рѕЁрї╗ріЋ Bath Net Bed
@AwasMart,11798,2025-06-12T16:58:23+00:00,"РЮЄ№ИЈBaby Bath Net Bed 

­ЪЉЅAdjustable, only net (рѕўрѕерЅА рЅЦрЅ╗)

­Ъћ░рѕЇрїЁрІјріЋ рЅарЅђрѕІрѕЅ рЅарѕЮрЅЙрЅх рѕѕрѕЏрїарЅЦ

┬а┬арІІрїІ­ЪњхрЇд┬а ­Ъњ░ 600 рЅЦрѕГ

­ЪњгрЅарЅ┤рѕїрїЇрѕФрѕЮ рѕѕрѕЏрІўрІЮ @wamrt1
┬а┬а┬а┬а┬а┬а┬а┬а┬а┬а┬а┬а┬а┬а┬а┬а┬а┬а┬а┬а┬а┬а┬а┬а┬а┬а┬а┬а┬а┬а┬а┬а┬а┬а┬а@wamrt2
­ЪЊЇріарІхрѕФрѕ╗рЅйріЋ:-
1№ИЈРЃБ.­ЪЊї рѕюріГрѕ▓рі« ріарѕЇрѕ│рѕЮ ріарЇЊрѕГрЅ│рѕЏ рїЇрѕФрІЇріЋрІх рЅЂ. 29

2№ИЈРЃБ.­ЪЊї рЅдрѕї рѕўрІхрѕљріћрІЊрѕѕрѕЮ рЅдрѕї рѕўрѕ░ріЊрІХ рЅх/рЅцрЅх рЇірЅхрѕѕрЇірЅх ріарѕѕрѕЮріљрѕй рЇЋрѕІрІЏ рїЇрѕФрІЇріЋрІх рѕ▒рЅЁ рЅЂрїЦрѕГ 05 

­ЪЊ╗(+251941661030 / +251943190237)

­ЪЉЇрѕѕрІѕрІ│рїЁрІј рѕхрѕІрїІрѕЕ ріЦріЊрѕўрѕарїЇріЊрѕѕріЋ Рў║№ИЈ

­Ъцф рЅ┤рѕїрїЇрѕФрѕЮ рЅ╗ріЊрѕЇ t.me/AwasMart

­ЪЊї­ЪЊї­ЪЊї­ЪЊї­ЪЊї­ЪЊї­ЪЊї­ЪЊї­ЪЊї­ЪЊї­ЪЊї",-1001429900086,2959,data/raw/media\@AwasMart_11798.jpg,,"РЮЄ№ИЈBaby Bath Net Bed ­ЪЉЅAdjustable, only net (рѕўрѕерЅА рЅЦрЅ╗) ­Ъћ░рѕЇрїЁрІјріЋ рЅарЅђрѕІрѕЅ рЅарѕЮрЅЙрЅх рѕѕрѕЏрїарЅЦ рІІрїІ­Ъњх ­Ъњ░ 600 ETB ­ЪњгрЅарЅ┤рѕїрїЇрѕФрѕЮ рѕѕрѕЏрІўрІЮ @wamrt1 @wamrt2 ­ЪЊЇріарІхрѕФрѕ╗рЅйріЋ:- 1№ИЈРЃБ.­ЪЊї рѕюріГрѕ▓рі« ріарѕЇрѕ│рѕЮ ріарЇЊрѕГрЅ│рѕЏ рїЇрѕФрІЇріЋрІх рЅЂ. 29 2№ИЈРЃБ.­ЪЊї рЅдрѕї рѕўрІхрѕљріћрІЊрѕѕрѕЮ рЅдрѕї рѕўрѕ░ріЊрІХ рЅх/рЅцрЅх рЇірЅхрѕѕрЇірЅх ріарѕѕрѕЮріљрѕй рЇЋрѕІрІЏ рїЇрѕФрІЇріЋрІх рѕ▒рЅЁ рЅЂрїЦрѕГ 05 ­ЪЊ╗(+251941661030 / +251943190237) ­ЪЉЇрѕѕрІѕрІ│рїЁрІј рѕхрѕІрїІрѕЕ ріЦріЊрѕўрѕарїЇріЊрѕѕріЋ Рў║№ИЈ ­Ъцф рЅ┤рѕїрїЇрѕФрѕЮ рЅ╗ріЊрѕЇ t.me/AwasMart ­ЪЊї­ЪЊї­ЪЊї­ЪЊї­ЪЊї­ЪЊї­ЪЊї­ЪЊї­ЪЊї­ЪЊї­ЪЊї","рѕЁрї╗ріЋ Bath Net Bed Adjustable, only net (рѕўрѕерЅА рЅЦрЅ╗) рѕЇрїЁрІјріЋ рЅарЅђрѕІрѕЅ рЅарѕЮрЅЙрЅх рѕѕрѕЏрїарЅЦ рІІрїІ 600 ETB рЅарЅ┤рѕїрїЇрѕФрѕЮ рѕѕрѕЏрІўрІЮ wamrt1 wamrt2 ріарІхрѕФрѕ╗рЅйріЋ - 1 . рѕюріГрѕ▓рі« ріарѕЇрѕ│рѕЮ ріарЇЊрѕГрЅ│рѕЏ рїЇрѕФрІЇріЋрІх рЅЂ. 29 2 . рЅдрѕї рѕўрІхрѕљріћрІЊрѕѕрѕЮ рЅдрѕї рѕўрѕ░ріЊрІХ рЅх рЅцрЅх рЇірЅхрѕѕрЇірЅх ріарѕѕрѕЮріљрѕй рЇЋрѕІрІЏ рїЇрѕФрІЇріЋрІх рѕ▒рЅЁ рЅЂрїЦрѕГ 05 ( 251941661030 251943190237) рѕѕрІѕрІ│рїЁрІј рѕхрѕІрїІрѕЕ ріЦріЊрѕўрѕарїЇріЊрѕѕріЋ рЅ┤рѕїрїЇрѕФрѕЮ рЅ╗ріЊрѕЇ t.me AwasMart"
@AwasMart,11797,2025-06-12T12:30:49+00:00,"­ЪЉ╝­ЪЉ╝­ЪЉ╝­ЪЉ╝­ЪЉ╝­ЪЉ╝­ЪЉ╝­ЪЉ╝­ЪЉ╝­ЪЉ╝­ЪЉ╝
Adjustable Baby Shower Cap Child Kids Shampoo Bath Hat Wash Hair Shield",-1001429900086,2944,,data/raw/media\@AwasMart_11797.mp4,­ЪЉ╝­ЪЉ╝­ЪЉ╝­ЪЉ╝­ЪЉ╝­ЪЉ╝­ЪЉ╝­ЪЉ╝­ЪЉ╝­ЪЉ╝­ЪЉ╝ Adjustable Baby Shower Cap Child Kids Shampoo Bath Hat Wash Hair Shield,Adjustable рѕЁрї╗ріЋ Shower Cap Child Kids Shampoo Bath Hat Wash Hair Shield
@AwasMart,11796,2025-06-12T12:30:49+00:00,"­ЪЉ╝РЏё№ИЈ­ЪЏЂAdjustable Baby Shower Cap Child Kids Shampoo Bath Hat Wash Hair Shield

┬а┬а┬а┬а┬а┬а рІІрїІ­ЪњхрЇд┬а ­Ъњ░250 рЅЦрѕГ

­ЪњгрЅарЅ┤рѕїрїЇрѕФрѕЮ рѕѕрѕЏрІўрІЮ @wamrt1
┬а┬а┬а┬а┬а┬а┬а┬а┬а┬а┬а┬а┬а┬а┬а┬а┬а┬а┬а┬а┬а┬а┬а┬а┬а┬а┬а┬а┬а┬а┬а┬а┬а┬а┬а@wamrt2
­ЪЊЇріарІхрѕФрѕ╗рЅйріЋ:-
1№ИЈРЃБ.­ЪЊї рѕюріГрѕ▓рі« ріарѕЇрѕ│рѕЮ ріарЇЊрѕГрЅ│рѕЏ рїЇрѕФрІЇріЋрІх рЅЂ. 29

2№ИЈРЃБ.­ЪЊї рЅдрѕї рѕўрІхрѕљріћрІЊрѕѕрѕЮ рЅдрѕї рѕўрѕ░ріЊрІХ рЅх/рЅцрЅх рЇірЅхрѕѕрЇірЅх ріарѕѕрѕЮріљрѕй рЇЋрѕІрІЏ рїЇрѕФрІЇріЋрІх рѕ▒рЅЁ рЅЂрїЦрѕГ 05 

­ЪЊ╗(+251941661030 / +251943190237)

­ЪЉЇрѕѕрІѕрІ│рїЁрІј рѕхрѕІрїІрѕЕ ріЦріЊрѕўрѕарїЇріЊрѕѕріЋ Рў║№ИЈ

­Ъцф рЅ┤рѕїрїЇрѕФрѕЮ рЅ╗ріЊрѕЇ t.me/AwasMart

­ЪЊї­ЪЊї­ЪЊї­ЪЊї­ЪЊї­ЪЊї­ЪЊї­ЪЊї­ЪЊї­ЪЊї­ЪЊї",-1001429900086,2821,data/raw/media\@AwasMart_11796.jpg,,­ЪЉ╝РЏё№ИЈ­ЪЏЂAdjustable Baby Shower Cap Child Kids Shampoo Bath Hat Wash Hair Shield рІІрїІ­Ъњх ­Ъњ░250 ETB ­ЪњгрЅарЅ┤рѕїрїЇрѕФрѕЮ рѕѕрѕЏрІўрІЮ @wamrt1 @wamrt2 ­ЪЊЇріарІхрѕФрѕ╗рЅйріЋ:- 1№ИЈРЃБ.­ЪЊї рѕюріГрѕ▓рі« ріарѕЇрѕ│рѕЮ ріарЇЊрѕГрЅ│рѕЏ рїЇрѕФрІЇріЋрІх рЅЂ. 29 2№ИЈРЃБ.­ЪЊї рЅдрѕї рѕўрІхрѕљріћрІЊрѕѕрѕЮ рЅдрѕї рѕўрѕ░ріЊрІХ рЅх/рЅцрЅх рЇірЅхрѕѕрЇірЅх ріарѕѕрѕЮріљрѕй рЇЋрѕІрІЏ рїЇрѕФрІЇріЋрІх рѕ▒рЅЁ рЅЂрїЦрѕГ 05 ­ЪЊ╗(+251941661030 / +251943190237) ­ЪЉЇрѕѕрІѕрІ│рїЁрІј рѕхрѕІрїІрѕЕ ріЦріЊрѕўрѕарїЇріЊрѕѕріЋ Рў║№ИЈ ­Ъцф рЅ┤рѕїрїЇрѕФрѕЮ рЅ╗ріЊрѕЇ t.me/AwasMart ­ЪЊї­ЪЊї­ЪЊї­ЪЊї­ЪЊї­ЪЊї­ЪЊї­ЪЊї­ЪЊї­ЪЊї­ЪЊї,Adjustable рѕЁрї╗ріЋ Shower Cap Child Kids Shampoo Bath Hat Wash Hair Shield рІІрїІ 250 ETB рЅарЅ┤рѕїрїЇрѕФрѕЮ рѕѕрѕЏрІўрІЮ wamrt1 wamrt2 ріарІхрѕФрѕ╗рЅйріЋ - 1 . рѕюріГрѕ▓рі« ріарѕЇрѕ│рѕЮ ріарЇЊрѕГрЅ│рѕЏ рїЇрѕФрІЇріЋрІх рЅЂ. 29 2 . рЅдрѕї рѕўрІхрѕљріћрІЊрѕѕрѕЮ рЅдрѕї рѕўрѕ░ріЊрІХ рЅх рЅцрЅх рЇірЅхрѕѕрЇірЅх ріарѕѕрѕЮріљрѕй рЇЋрѕІрІЏ рїЇрѕФрІЇріЋрІх рѕ▒рЅЁ рЅЂрїЦрѕГ 05 ( 251941661030 251943190237) рѕѕрІѕрІ│рїЁрІј рѕхрѕІрїІрѕЕ ріЦріЊрѕўрѕарїЇріЊрѕѕріЋ рЅ┤рѕїрїЇрѕФрѕЮ рЅ╗ріЊрѕЇ t.me AwasMart
@AwasMart,11795,2025-06-12T07:31:20+00:00,РЮЄ№ИЈHigh pressure water Gun nozzle,-1001429900086,2849,,data/raw/media\@AwasMart_11795.mp4,РЮЄ№ИЈHigh pressure water Gun nozzle,High pressure water Gun nozzle
@AwasMart,11794,2025-06-12T07:31:20+00:00,"РЮЄ№ИЈHigh pressure water Gun nozzle

┬а┬а ­Ъћ░рѕўріфріЊ рѕѕрѕЏрїарЅЦ
┬а┬а ­Ъћ░рїЇрЅб рѕѕрѕЏрЇЁрІ│рЅх рЅ░рѕўрѕФрїГ
┬а┬а ­Ъћ░рІерѕФрѕ▒ рѕўрѕѕрІІрІѕрїФ рІФрѕѕрІЇ

┬а┬а┬а рІІрїІ­ЪњхрЇд┬а ­Ъњ░ 800 рЅЦрѕГ

­ЪњгрЅарЅ┤рѕїрїЇрѕФрѕЮ рѕѕрѕЏрІўрІЮ @wamrt1
┬а┬а┬а┬а┬а┬а┬а┬а┬а┬а┬а┬а┬а┬а┬а┬а┬а┬а┬а┬а┬а┬а┬а┬а┬а┬а┬а┬а┬а┬а┬а┬а┬а┬а┬а@wamrt2
­ЪЊЇріарІхрѕФрѕ╗рЅйріЋ:-
1№ИЈРЃБ.­ЪЊї рѕюріГрѕ▓рі« ріарѕЇрѕ│рѕЮ ріарЇЊрѕГрЅ│рѕЏ рїЇрѕФрІЇріЋрІх рЅЂ. 29

2№ИЈРЃБ.­ЪЊї рЅдрѕї рѕўрІхрѕљріћрІЊрѕѕрѕЮ рЅдрѕї рѕўрѕ░ріЊрІХ рЅх/рЅцрЅх рЇірЅхрѕѕрЇірЅх ріарѕѕрѕЮріљрѕй рЇЋрѕІрІЏ рїЇрѕФрІЇріЋрІх рѕ▒рЅЁ рЅЂрїЦрѕГ 05 

­ЪЊ╗(+251941661030 / +251943190237)

­ЪЉЇрѕѕрІѕрІ│рїЁрІј рѕхрѕІрїІрѕЕ ріЦріЊрѕўрѕарїЇріЊрѕѕріЋ Рў║№ИЈ

­Ъцф рЅ┤рѕїрїЇрѕФрѕЮ рЅ╗ріЊрѕЇ t.me/AwasMart

­ЪЊї­ЪЊї­ЪЊї­ЪЊї­ЪЊї­ЪЊї­ЪЊї­ЪЊї­ЪЊї­ЪЊї­ЪЊї",-1001429900086,3003,data/raw/media\@AwasMart_11794.jpg,,РЮЄ№ИЈHigh pressure water Gun nozzle ­Ъћ░рѕўріфріЊ рѕѕрѕЏрїарЅЦ ­Ъћ░рїЇрЅб рѕѕрѕЏрЇЁрІ│рЅх рЅ░рѕўрѕФрїГ ­Ъћ░рІерѕФрѕ▒ рѕўрѕѕрІІрІѕрїФ рІФрѕѕрІЇ рІІрїІ­Ъњх ­Ъњ░ 800 ETB ­ЪњгрЅарЅ┤рѕїрїЇрѕФрѕЮ рѕѕрѕЏрІўрІЮ @wamrt1 @wamrt2 ­ЪЊЇріарІхрѕФрѕ╗рЅйріЋ:- 1№ИЈРЃБ.­ЪЊї рѕюріГрѕ▓рі« ріарѕЇрѕ│рѕЮ ріарЇЊрѕГрЅ│рѕЏ рїЇрѕФрІЇріЋрІх рЅЂ. 29 2№ИЈРЃБ.­ЪЊї рЅдрѕї рѕўрІхрѕљріћрІЊрѕѕрѕЮ рЅдрѕї рѕўрѕ░ріЊрІХ рЅх/рЅцрЅх рЇірЅхрѕѕрЇірЅх ріарѕѕрѕЮріљрѕй рЇЋрѕІрІЏ рїЇрѕФрІЇріЋрІх рѕ▒рЅЁ рЅЂрїЦрѕГ 05 ­ЪЊ╗(+251941661030 / +251943190237) ­ЪЉЇрѕѕрІѕрІ│рїЁрІј рѕхрѕІрїІрѕЕ ріЦріЊрѕўрѕарїЇріЊрѕѕріЋ Рў║№ИЈ ­Ъцф рЅ┤рѕїрїЇрѕФрѕЮ рЅ╗ріЊрѕЇ t.me/AwasMart ­ЪЊї­ЪЊї­ЪЊї­ЪЊї­ЪЊї­ЪЊї­ЪЊї­ЪЊї­ЪЊї­ЪЊї­ЪЊї,High pressure water Gun nozzle рѕўріфріЊ рѕѕрѕЏрїарЅЦ рїЇрЅб рѕѕрѕЏрЇЁрІ│рЅх рЅ░рѕўрѕФрїГ рІерѕФрѕ▒ рѕўрѕѕрІІрІѕрїФ рІФрѕѕрІЇ рІІрїІ 800 ETB рЅарЅ┤рѕїрїЇрѕФрѕЮ рѕѕрѕЏрІўрІЮ wamrt1 wamrt2 ріарІхрѕФрѕ╗рЅйріЋ - 1 . рѕюріГрѕ▓рі« ріарѕЇрѕ│рѕЮ ріарЇЊрѕГрЅ│рѕЏ рїЇрѕФрІЇріЋрІх рЅЂ. 29 2 . рЅдрѕї рѕўрІхрѕљріћрІЊрѕѕрѕЮ рЅдрѕї рѕўрѕ░ріЊрІХ рЅх рЅцрЅх рЇірЅхрѕѕрЇірЅх ріарѕѕрѕЮріљрѕй рЇЋрѕІрІЏ рїЇрѕФрІЇріЋрІх рѕ▒рЅЁ рЅЂрїЦрѕГ 05 ( 251941661030 251943190237) рѕѕрІѕрІ│рїЁрІј рѕхрѕІрїІрѕЕ ріЦріЊрѕўрѕарїЇріЊрѕѕріЋ рЅ┤рѕїрїЇрѕФрѕЮ рЅ╗ріЊрѕЇ t.me AwasMart
@AwasMart,11793,2025-06-11T17:44:30+00:00,,-1001429900086,3003,data/raw/media\@AwasMart_11793.jpg,,,
@AwasMart,11792,2025-06-11T17:44:30+00:00,,-1001429900086,3314,data/raw/media\@AwasMart_11792.jpg,,,
@AwasMart,11791,2025-06-11T17:44:30+00:00,,-1001429900086,2858,data/raw/media\@AwasMart_11791.jpg,,,
@AwasMart,11790,2025-06-11T17:44:29+00:00,"РЮЄ№ИЈOnion Air Humidifier with LED Light
┬а┬а┬а┬а┬а┬а ­Ъњ» High Quality 

­ЪЉЇрЅаріцрѕїріГрЅхрѕфріГ рІерѕџрѕ░рѕФ 
­ЪЉЇрѕѕрЅцрЅх рѕўрѕЇріФрѕЮ рѕўрІЊрІЏріЋ рІерѕџрѕ░рїЦ

­ЪЉЇWater Tank Capacity: 330ml
­ЪЉЇOperating power: 2.5W
­ЪЉЇ Spray Volume 30-50ml/H
­ЪЉЇPurify the air & Beautify the Environment

­ЪЉЇThree-level ambient light
­ЪЉЇSilent humidification
Two levels of fog
­ЪЉЇAdjustable speed


­ЪЉЇvery effective: Usb power interface, convenient and quick operation, can be used anywhere.

#Package_Included:
1* Lark bird humidifier
1* USB cable
1* Instruction manual

рІІрїІ­ЪњхрЇд┬а ­Ъњ░ 1,300 рЅЦрѕГ

­ЪњгрЅарЅ┤рѕїрїЇрѕФрѕЮ рѕѕрѕЏрІўрІЮ @wamrt1
┬а┬а┬а┬а┬а┬а┬а┬а┬а┬а┬а┬а┬а┬а┬а┬а┬а┬а┬а┬а┬а┬а┬а┬а┬а┬а┬а┬а┬а┬а┬а┬а┬а┬а┬а@wamrt2
­ЪЊЇріарІхрѕФрѕ╗рЅйріЋ:-
1№ИЈРЃБ.­ЪЊї рѕюріГрѕ▓рі« ріарѕЇрѕ│рѕЮ ріарЇЊрѕГрЅ│рѕЏ рїЇрѕФрІЇріЋрІх рЅЂ. 29

2№ИЈРЃБ.­ЪЊї рЅдрѕї рѕўрІхрѕљріћрІЊрѕѕрѕЮ рЅдрѕї рѕўрѕ░ріЊрІХ рЅх/рЅцрЅх рЇірЅхрѕѕрЇірЅх ріарѕѕрѕЮріљрѕй рЇЋрѕІрІЏ рїЇрѕФрІЇріЋрІх рѕ▒рЅЁ рЅЂрїЦрѕГ 05 

­ЪЊ╗(+251941661030 / +251943190237)

­ЪЉЇрѕѕрІѕрІ│рїЁрІј рѕхрѕІрїІрѕЕ ріЦріЊрѕўрѕарїЇріЊрѕѕріЋ Рў║№ИЈ

­Ъцф рЅ┤рѕїрїЇрѕФрѕЮ рЅ╗ріЊрѕЇ t.me/AwasMart

­ЪЊї­ЪЊї­ЪЊї­ЪЊї­ЪЊї­ЪЊї­ЪЊї­ЪЊї­ЪЊї­ЪЊї­ЪЊї",-1001429900086,3064,data/raw/media\@AwasMart_11790.jpg,,"РЮЄ№ИЈOnion Air Humidifier with LED Light ­Ъњ» High Quality ­ЪЉЇрЅаріцрѕїріГрЅхрѕфріГ рІерѕџрѕ░рѕФ ­ЪЉЇрѕѕрЅцрЅх рѕўрѕЇріФрѕЮ рѕўрІЊрІЏріЋ рІерѕџрѕ░рїЦ ­ЪЉЇWater Tank Capacity: 330ml ­ЪЉЇOperating power: 2.5W ­ЪЉЇ Spray Volume 30-50ml/H ­ЪЉЇPurify the air & Beautify the Environment ­ЪЉЇThree-level ambient light ­ЪЉЇSilent humidification Two levels of fog ­ЪЉЇAdjustable speed ­ЪЉЇvery effective: Usb power interface, convenient and quick operation, can be used anywhere. #Package_Included: 1* Lark bird humidifier 1* USB cable 1* Instruction manual рІІрїІ­Ъњх ­Ъњ░ 1,300 ETB ­ЪњгрЅарЅ┤рѕїрїЇрѕФрѕЮ рѕѕрѕЏрІўрІЮ @wamrt1 @wamrt2 ­ЪЊЇріарІхрѕФрѕ╗рЅйріЋ:- 1№ИЈРЃБ.­ЪЊї рѕюріГрѕ▓рі« ріарѕЇрѕ│рѕЮ ріарЇЊрѕГрЅ│рѕЏ рїЇрѕФрІЇріЋрІх рЅЂ. 29 2№ИЈРЃБ.­ЪЊї рЅдрѕї рѕўрІхрѕљріћрІЊрѕѕрѕЮ рЅдрѕї рѕўрѕ░ріЊрІХ рЅх/рЅцрЅх рЇірЅхрѕѕрЇірЅх ріарѕѕрѕЮріљрѕй рЇЋрѕІрІЏ рїЇрѕФрІЇріЋрІх рѕ▒рЅЁ рЅЂрїЦрѕГ 05 ­ЪЊ╗(+251941661030 / +251943190237) ­ЪЉЇрѕѕрІѕрІ│рїЁрІј рѕхрѕІрїІрѕЕ ріЦріЊрѕўрѕарїЇріЊрѕѕріЋ Рў║№ИЈ ­Ъцф рЅ┤рѕїрїЇрѕФрѕЮ рЅ╗ріЊрѕЇ t.me/AwasMart ­ЪЊї­ЪЊї­ЪЊї­ЪЊї­ЪЊї­ЪЊї­ЪЊї­ЪЊї­ЪЊї­ЪЊї­ЪЊї","Onion Air Humidifier with LED Light High Quality рЅаріцрѕїріГрЅхрѕфріГ рІерѕџрѕ░рѕФ рѕѕрЅцрЅх рѕўрѕЇріФрѕЮ рѕўрІЊрІЏріЋ рІерѕџрѕ░рїЦ Water Tank Capacity 330ml Operating power 2.5W Spray Volume 30-50ml H Purify the air Beautify the Environment Three-level ambient light Silent humidification Two levels of fog Adjustable speed very effective Usb power interface, convenient and quick operation, can be used anywhere. Package_Included 1 Lark bird humidifier 1 USB cable 1 Instruction manual рІІрїІ 1,300 ETB рЅарЅ┤рѕїрїЇрѕФрѕЮ рѕѕрѕЏрІўрІЮ wamrt1 wamrt2 ріарІхрѕФрѕ╗рЅйріЋ - 1 . рѕюріГрѕ▓рі« ріарѕЇрѕ│рѕЮ ріарЇЊрѕГрЅ│рѕЏ рїЇрѕФрІЇріЋрІх рЅЂ. 29 2 . рЅдрѕї рѕўрІхрѕљріћрІЊрѕѕрѕЮ рЅдрѕї рѕўрѕ░ріЊрІХ рЅх рЅцрЅх рЇірЅхрѕѕрЇірЅх ріарѕѕрѕЮріљрѕй рЇЋрѕІрІЏ рїЇрѕФрІЇріЋрІх рѕ▒рЅЁ рЅЂрїЦрѕГ 05 ( 251941661030 251943190237) рѕѕрІѕрІ│рїЁрІј рѕхрѕІрїІрѕЕ ріЦріЊрѕўрѕарїЇріЊрѕѕріЋ рЅ┤рѕїрїЇрѕФрѕЮ рЅ╗ріЊрѕЇ t.me AwasMart"
@AwasMart,11789,2025-06-11T07:29:23+00:00,РЮЄ№ИЈFood Feeder Plus,-1001429900086,3256,,data/raw/media\@AwasMart_11789.mp4,РЮЄ№ИЈFood Feeder Plus,Food Feeder Plus
@AwasMart,11788,2025-06-11T07:29:23+00:00,,-1001429900086,3157,,data/raw/media\@AwasMart_11788.mp4,,
@AwasMart,11787,2025-06-11T07:29:23+00:00,"­ЪЇ╝Only Baby 
­Ъј»Food Feeder Plus 

­Ъћ░ 100% Food Grade Silicone 
­Ъћ░ BPA Free 
­Ъћ░ Latex Free 
­Ъћ░ Phthalate Free 
­Ъћ░ Non- Toxic 
­Ъћ░ Freeze Safe 
­Ъћ░ Microwave Safe 
­Ъћ░ Boil Safe 
­Ъћ░ Steam Safe 
­Ъћ░ Zero Month and Above

рІІрїІ­ЪњхрЇд┬а ­Ъњ░ 300 рЅЦрѕГ

­ЪњгрЅарЅ┤рѕїрїЇрѕФрѕЮ рѕѕрѕЏрІўрІЮ @wamrt1
┬а┬а┬а┬а┬а┬а┬а┬а┬а┬а┬а┬а┬а┬а┬а┬а┬а┬а┬а┬а┬а┬а┬а┬а┬а┬а┬а┬а┬а┬а┬а┬а┬а┬а┬а@wamrt2
­ЪЊЇріарІхрѕФрѕ╗рЅйріЋ:-
1№ИЈРЃБ.­ЪЊї рѕюріГрѕ▓рі« ріарѕЇрѕ│рѕЮ ріарЇЊрѕГрЅ│рѕЏ рїЇрѕФрІЇріЋрІх рЅЂ. 29

2№ИЈРЃБ.­ЪЊї рЅдрѕї рѕўрІхрѕљріћрІЊрѕѕрѕЮ рЅдрѕї рѕўрѕ░ріЊрІХ рЅх/рЅцрЅх рЇірЅхрѕѕрЇірЅх ріарѕѕрѕЮріљрѕй рЇЋрѕІрІЏ рїЇрѕФрІЇріЋрІх рѕ▒рЅЁ рЅЂрїЦрѕГ 05 

­ЪЊ╗(+251941661030 / +251943190237)

­ЪЉЇрѕѕрІѕрІ│рїЁрІј рѕхрѕІрїІрѕЕ ріЦріЊрѕўрѕарїЇріЊрѕѕріЋ Рў║№ИЈ

­Ъцф рЅ┤рѕїрїЇрѕФрѕЮ рЅ╗ріЊрѕЇ t.me/AwasMart

­ЪЊї­ЪЊї­ЪЊї­ЪЊї­ЪЊї­ЪЊї­ЪЊї­ЪЊї­ЪЊї­ЪЊї­ЪЊї",-1001429900086,3035,data/raw/media\@AwasMart_11787.jpg,,­ЪЇ╝Only Baby ­Ъј»Food Feeder Plus ­Ъћ░ 100% Food Grade Silicone ­Ъћ░ BPA Free ­Ъћ░ Latex Free ­Ъћ░ Phthalate Free ­Ъћ░ Non- Toxic ­Ъћ░ Freeze Safe ­Ъћ░ Microwave Safe ­Ъћ░ Boil Safe ­Ъћ░ Steam Safe ­Ъћ░ Zero Month and Above рІІрїІ­Ъњх ­Ъњ░ 300 ETB ­ЪњгрЅарЅ┤рѕїрїЇрѕФрѕЮ рѕѕрѕЏрІўрІЮ @wamrt1 @wamrt2 ­ЪЊЇріарІхрѕФрѕ╗рЅйріЋ:- 1№ИЈРЃБ.­ЪЊї рѕюріГрѕ▓рі« ріарѕЇрѕ│рѕЮ ріарЇЊрѕГрЅ│рѕЏ рїЇрѕФрІЇріЋрІх рЅЂ. 29 2№ИЈРЃБ.­ЪЊї рЅдрѕї рѕўрІхрѕљріћрІЊрѕѕрѕЮ рЅдрѕї рѕўрѕ░ріЊрІХ рЅх/рЅцрЅх рЇірЅхрѕѕрЇірЅх ріарѕѕрѕЮріљрѕй рЇЋрѕІрІЏ рїЇрѕФрІЇріЋрІх рѕ▒рЅЁ рЅЂрїЦрѕГ 05 ­ЪЊ╗(+251941661030 / +251943190237) ­ЪЉЇрѕѕрІѕрІ│рїЁрІј рѕхрѕІрїІрѕЕ ріЦріЊрѕўрѕарїЇріЊрѕѕріЋ Рў║№ИЈ ­Ъцф рЅ┤рѕїрїЇрѕФрѕЮ рЅ╗ріЊрѕЇ t.me/AwasMart ­ЪЊї­ЪЊї­ЪЊї­ЪЊї­ЪЊї­ЪЊї­ЪЊї­ЪЊї­ЪЊї­ЪЊї­ЪЊї,Only рѕЁрї╗ріЋ Food Feeder Plus 100 Food Grade Silicone BPA Free Latex Free Phthalate Free Non- Toxic Freeze Safe Microwave Safe Boil Safe Steam Safe Zero Month and Above рІІрїІ 300 ETB рЅарЅ┤рѕїрїЇрѕФрѕЮ рѕѕрѕЏрІўрІЮ wamrt1 wamrt2 ріарІхрѕФрѕ╗рЅйріЋ - 1 . рѕюріГрѕ▓рі« ріарѕЇрѕ│рѕЮ ріарЇЊрѕГрЅ│рѕЏ рїЇрѕФрІЇріЋрІх рЅЂ. 29 2 . рЅдрѕї рѕўрІхрѕљріћрІЊрѕѕрѕЮ рЅдрѕї рѕўрѕ░ріЊрІХ рЅх рЅцрЅх рЇірЅхрѕѕрЇірЅх ріарѕѕрѕЮріљрѕй рЇЋрѕІрІЏ рїЇрѕФрІЇріЋрІх рѕ▒рЅЁ рЅЂрїЦрѕГ 05 ( 251941661030 251943190237) рѕѕрІѕрІ│рїЁрІј рѕхрѕІрїІрѕЕ ріЦріЊрѕўрѕарїЇріЊрѕѕріЋ рЅ┤рѕїрїЇрѕФрѕЮ рЅ╗ріЊрѕЇ t.me AwasMart
@AwasMart,11786,2025-06-10T13:09:03+00:00,Рю│№ИЈ Baby Feeding Bottle Spoon with Container Baby Food Feeder,-1001429900086,3325,,data/raw/media\@AwasMart_11786.mp4,Рю│№ИЈ Baby Feeding Bottle Spoon with Container Baby Food Feeder,рѕЁрї╗ріЋ рѕўрѕўрїѕрЅбрІФ рїарѕГрѕЎрѕх Spoon with Container рѕЁрї╗ріЋ Food Feeder
@AwasMart,11785,2025-06-10T13:09:02+00:00,Рю│№ИЈ Baby Feeding Bottle Spoon with Container Baby Food Feeder,-1001429900086,2946,,data/raw/media\@AwasMart_11785.mp4,Рю│№ИЈ Baby Feeding Bottle Spoon with Container Baby Food Feeder,рѕЁрї╗ріЋ рѕўрѕўрїѕрЅбрІФ рїарѕГрѕЎрѕх Spoon with Container рѕЁрї╗ріЋ Food Feeder
@AwasMart,11784,2025-06-10T13:09:02+00:00,"Рю│№ИЈ Baby Feeding Bottle Spoon with Container Baby Food Feeder
┬а┬а┬а┬а┬а ­Ъњ» High Quality 

­ЪЊїрІерѕЁрЇЃріЊрЅх рѕўрѕўрїѕрЅбрІФ рїАрїд

­ЪЉЅSilicone Squeeze Spoon Feeder for Infant Food Dispensing and Feeding

­ЪїиSafe Material
­ЪїиFilterable Food
­ЪїиStrong Sealing
­ЪїиEasy to Use

┬а┬а┬а рІІрїІ­ЪњхрЇд┬а ­Ъњ░400 рЅЦрѕГ

­ЪњгрЅарЅ┤рѕїрїЇрѕФрѕЮ рѕѕрѕЏрІўрІЮ @wamrt1
┬а┬а┬а┬а┬а┬а┬а┬а┬а┬а┬а┬а┬а┬а┬а┬а┬а┬а┬а┬а┬а┬а┬а┬а┬а┬а┬а┬а┬а┬а┬а┬а┬а┬а┬а@wamrt2
­ЪЊЇріарІхрѕФрѕ╗рЅйріЋ:-
1№ИЈРЃБ.­ЪЊї рѕюріГрѕ▓рі« ріарѕЇрѕ│рѕЮ ріарЇЊрѕГрЅ│рѕЏ рїЇрѕФрІЇріЋрІх рЅЂ. 29

2№ИЈРЃБ.­ЪЊї рЅдрѕї рѕўрІхрѕљріћрІЊрѕѕрѕЮ рЅдрѕї рѕўрѕ░ріЊрІХ рЅх/рЅцрЅх рЇірЅхрѕѕрЇірЅх ріарѕѕрѕЮріљрѕй рЇЋрѕІрІЏ рїЇрѕФрІЇріЋрІх рѕ▒рЅЁ рЅЂрїЦрѕГ 05 

­ЪЊ╗(+251941661030 / +251943190237)

­ЪЉЇрѕѕрІѕрІ│рїЁрІј рѕхрѕІрїІрѕЕ ріЦріЊрѕўрѕарїЇріЊрѕѕріЋ Рў║№ИЈ

­Ъцф рЅ┤рѕїрїЇрѕФрѕЮ рЅ╗ріЊрѕЇ t.me/AwasMart

­ЪЊї­ЪЊї­ЪЊї­ЪЊї­ЪЊї­ЪЊї­ЪЊї­ЪЊї­ЪЊї­ЪЊї­ЪЊї",-1001429900086,2984,data/raw/media\@AwasMart_11784.jpg,,Рю│№ИЈ Baby Feeding Bottle Spoon with Container Baby Food Feeder ­Ъњ» High Quality ­ЪЊїрІерѕЁрЇЃріЊрЅх рѕўрѕўрїѕрЅбрІФ рїАрїд ­ЪЉЅSilicone Squeeze Spoon Feeder for Infant Food Dispensing and Feeding ­ЪїиSafe Material ­ЪїиFilterable Food ­ЪїиStrong Sealing ­ЪїиEasy to Use рІІрїІ­Ъњх ­Ъњ░400 ETB ­ЪњгрЅарЅ┤рѕїрїЇрѕФрѕЮ рѕѕрѕЏрІўрІЮ @wamrt1 @wamrt2 ­ЪЊЇріарІхрѕФрѕ╗рЅйріЋ:- 1№ИЈРЃБ.­ЪЊї рѕюріГрѕ▓рі« ріарѕЇрѕ│рѕЮ ріарЇЊрѕГрЅ│рѕЏ рїЇрѕФрІЇріЋрІх рЅЂ. 29 2№ИЈРЃБ.­ЪЊї рЅдрѕї рѕўрІхрѕљріћрІЊрѕѕрѕЮ рЅдрѕї рѕўрѕ░ріЊрІХ рЅх/рЅцрЅх рЇірЅхрѕѕрЇірЅх ріарѕѕрѕЮріљрѕй рЇЋрѕІрІЏ рїЇрѕФрІЇріЋрІх рѕ▒рЅЁ рЅЂрїЦрѕГ 05 ­ЪЊ╗(+251941661030 / +251943190237) ­ЪЉЇрѕѕрІѕрІ│рїЁрІј рѕхрѕІрїІрѕЕ ріЦріЊрѕўрѕарїЇріЊрѕѕріЋ Рў║№ИЈ ­Ъцф рЅ┤рѕїрїЇрѕФрѕЮ рЅ╗ріЊрѕЇ t.me/AwasMart ­ЪЊї­ЪЊї­ЪЊї­ЪЊї­ЪЊї­ЪЊї­ЪЊї­ЪЊї­ЪЊї­ЪЊї­ЪЊї,рѕЁрї╗ріЋ рѕўрѕўрїѕрЅбрІФ рїарѕГрѕЎрѕх Spoon with Container рѕЁрї╗ріЋ Food Feeder High Quality рІерѕЁрЇЃріЊрЅх рѕўрѕўрїѕрЅбрІФ рїАрїд Silicone Squeeze Spoon Feeder for Infant Food Dispensing and рѕўрѕўрїѕрЅбрІФ Safe Material Filterable Food Strong Sealing Easy to Use рІІрїІ 400 ETB рЅарЅ┤рѕїрїЇрѕФрѕЮ рѕѕрѕЏрІўрІЮ wamrt1 wamrt2 ріарІхрѕФрѕ╗рЅйріЋ - 1 . рѕюріГрѕ▓рі« ріарѕЇрѕ│рѕЮ ріарЇЊрѕГрЅ│рѕЏ рїЇрѕФрІЇріЋрІх рЅЂ. 29 2 . рЅдрѕї рѕўрІхрѕљріћрІЊрѕѕрѕЮ рЅдрѕї рѕўрѕ░ріЊрІХ рЅх рЅцрЅх рЇірЅхрѕѕрЇірЅх ріарѕѕрѕЮріљрѕй рЇЋрѕІрІЏ рїЇрѕФрІЇріЋрІх рѕ▒рЅЁ рЅЂрїЦрѕГ 05 ( 251941661030 251943190237) рѕѕрІѕрІ│рїЁрІј рѕхрѕІрїІрѕЕ ріЦріЊрѕўрѕарїЇріЊрѕѕріЋ рЅ┤рѕїрїЇрѕФрѕЮ рЅ╗ріЊрѕЇ t.me AwasMart
@AwasMart,11783,2025-06-10T07:57:58+00:00,"­Ъўг­Ъўг­Ъўг­Ъўг­Ъўг­Ъўг­Ъўг­Ъўг­Ъўг­Ъўг­Ъўг­Ъўг
РЮЄ№ИЈ U-shaped Baby Toothbrush",-1001429900086,3091,,data/raw/media\@AwasMart_11783.mp4,­Ъўг­Ъўг­Ъўг­Ъўг­Ъўг­Ъўг­Ъўг­Ъўг­Ъўг­Ъўг­Ъўг­Ъўг РЮЄ№ИЈ U-shaped Baby Toothbrush,U-shaped рѕЁрї╗ріЋ Toothbrush
@AwasMart,11782,2025-06-10T07:57:58+00:00,"­Ъўг­Ъўг­Ъўг­Ъўг­Ъўг­Ъўг­Ъўг­Ъўг­Ъўг­Ъўг­Ъўг­Ъўг
РЮЄ№ИЈ U-shaped Baby Toothbrush",-1001429900086,3111,,data/raw/media\@AwasMart_11782.mp4,­Ъўг­Ъўг­Ъўг­Ъўг­Ъўг­Ъўг­Ъўг­Ъўг­Ъўг­Ъўг­Ъўг­Ъўг РЮЄ№ИЈ U-shaped Baby Toothbrush,U-shaped рѕЁрї╗ріЋ Toothbrush
@AwasMart,11781,2025-06-10T07:57:58+00:00,"­Ъўг­Ъўг­Ъўг­Ъўг­Ъўг­Ъўг­Ъўг­Ъўг­Ъўг­Ъўг­Ъўг­Ъўг
РЮЄ№ИЈ U-shaped Baby Toothbrush",-1001429900086,2413,,data/raw/media\@AwasMart_11781.mp4,­Ъўг­Ъўг­Ъўг­Ъўг­Ъўг­Ъўг­Ъўг­Ъўг­Ъўг­Ъўг­Ъўг­Ъўг РЮЄ№ИЈ U-shaped Baby Toothbrush,U-shaped рѕЁрї╗ріЋ Toothbrush
@AwasMart,11780,2025-06-10T07:57:52+00:00,"­Ъўг­Ъўг­Ъўг­Ъўг­Ъўг­Ъўг­Ъўг­Ъўг­Ъўг­Ъўг­Ъўг­Ъўг
РЮЄ№ИЈ U-shaped Baby Toothbrush

РюћрІерѕЇрїєрЅй рїЦрѕГрѕх рѕўрЅдрѕерѕ╗
­ЪЉЅChildren Teeth Oral Care Cleaning Brush Soft Silicone Teethers

┬а┬а┬а┬а┬а┬а рІІрїІ­ЪњхрЇд┬а ­Ъњ░ 250 рЅЦрѕГ

­ЪњгрЅарЅ┤рѕїрїЇрѕФрѕЮ рѕѕрѕЏрІўрІЮ @wamrt1
┬а┬а┬а┬а┬а┬а┬а┬а┬а┬а┬а┬а┬а┬а┬а┬а┬а┬а┬а┬а┬а┬а┬а┬а┬а┬а┬а┬а┬а┬а┬а┬а┬а┬а┬а@wamrt2
­ЪЊЇріарІхрѕФрѕ╗рЅйріЋ:-
1№ИЈРЃБ.­ЪЊї рѕюріГрѕ▓рі« ріарѕЇрѕ│рѕЮ ріарЇЊрѕГрЅ│рѕЏ рїЇрѕФрІЇріЋрІх рЅЂ. 29

2№ИЈРЃБ.­ЪЊї рЅдрѕї рѕўрІхрѕљріћрІЊрѕѕрѕЮ рЅдрѕї рѕўрѕ░ріЊрІХ рЅх/рЅцрЅх рЇірЅхрѕѕрЇірЅх ріарѕѕрѕЮріљрѕй рЇЋрѕІрІЏ рїЇрѕФрІЇріЋрІх рѕ▒рЅЁ рЅЂрїЦрѕГ 05 

­ЪЊ╗(+251941661030 / +251943190237)

­ЪЉЇрѕѕрІѕрІ│рїЁрІј рѕхрѕІрїІрѕЕ ріЦріЊрѕўрѕарїЇріЊрѕѕріЋ Рў║№ИЈ

­Ъцф рЅ┤рѕїрїЇрѕФрѕЮ рЅ╗ріЊрѕЇ t.me/AwasMart

­ЪЊї­ЪЊї­ЪЊї­ЪЊї­ЪЊї­ЪЊї­ЪЊї­ЪЊї­ЪЊї­ЪЊї­ЪЊї",-1001429900086,2868,data/raw/media\@AwasMart_11780.jpg,,­Ъўг­Ъўг­Ъўг­Ъўг­Ъўг­Ъўг­Ъўг­Ъўг­Ъўг­Ъўг­Ъўг­Ъўг РЮЄ№ИЈ U-shaped Baby Toothbrush РюћрІерѕЇрїєрЅй рїЦрѕГрѕх рѕўрЅдрѕерѕ╗ ­ЪЉЅChildren Teeth Oral Care Cleaning Brush Soft Silicone Teethers рІІрїІ­Ъњх ­Ъњ░ 250 ETB ­ЪњгрЅарЅ┤рѕїрїЇрѕФрѕЮ рѕѕрѕЏрІўрІЮ @wamrt1 @wamrt2 ­ЪЊЇріарІхрѕФрѕ╗рЅйріЋ:- 1№ИЈРЃБ.­ЪЊї рѕюріГрѕ▓рі« ріарѕЇрѕ│рѕЮ ріарЇЊрѕГрЅ│рѕЏ рїЇрѕФрІЇріЋрІх рЅЂ. 29 2№ИЈРЃБ.­ЪЊї рЅдрѕї рѕўрІхрѕљріћрІЊрѕѕрѕЮ рЅдрѕї рѕўрѕ░ріЊрІХ рЅх/рЅцрЅх рЇірЅхрѕѕрЇірЅх ріарѕѕрѕЮріљрѕй рЇЋрѕІрІЏ рїЇрѕФрІЇріЋрІх рѕ▒рЅЁ рЅЂрїЦрѕГ 05 ­ЪЊ╗(+251941661030 / +251943190237) ­ЪЉЇрѕѕрІѕрІ│рїЁрІј рѕхрѕІрїІрѕЕ ріЦріЊрѕўрѕарїЇріЊрѕѕріЋ Рў║№ИЈ ­Ъцф рЅ┤рѕїрїЇрѕФрѕЮ рЅ╗ріЊрѕЇ t.me/AwasMart ­ЪЊї­ЪЊї­ЪЊї­ЪЊї­ЪЊї­ЪЊї­ЪЊї­ЪЊї­ЪЊї­ЪЊї­ЪЊї,U-shaped рѕЁрї╗ріЋ Toothbrush рІерѕЇрїєрЅй рїЦрѕГрѕх рѕўрЅдрѕерѕ╗ Children Teeth Oral Care Cleaning Brush Soft Silicone Teethers рІІрїІ 250 ETB рЅарЅ┤рѕїрїЇрѕФрѕЮ рѕѕрѕЏрІўрІЮ wamrt1 wamrt2 ріарІхрѕФрѕ╗рЅйріЋ - 1 . рѕюріГрѕ▓рі« ріарѕЇрѕ│рѕЮ ріарЇЊрѕГрЅ│рѕЏ рїЇрѕФрІЇріЋрІх рЅЂ. 29 2 . рЅдрѕї рѕўрІхрѕљріћрІЊрѕѕрѕЮ рЅдрѕї рѕўрѕ░ріЊрІХ рЅх рЅцрЅх рЇірЅхрѕѕрЇірЅх ріарѕѕрѕЮріљрѕй рЇЋрѕІрІЏ рїЇрѕФрІЇріЋрІх рѕ▒рЅЁ рЅЂрїЦрѕГ 05 ( 251941661030 251943190237) рѕѕрІѕрІ│рїЁрІј рѕхрѕІрїІрѕЕ ріЦріЊрѕўрѕарїЇріЊрѕѕріЋ рЅ┤рѕїрїЇрѕФрѕЮ рЅ╗ріЊрѕЇ t.me AwasMart
@AwasMart,11779,2025-06-09T18:32:54+00:00,РЮЄ№ИЈ 3Tier Washing machine/toilet rack,-1001429900086,2947,,data/raw/media\@AwasMart_11779.mp4,РЮЄ№ИЈ 3Tier Washing machine/toilet rack,3Tier Washing machine toilet rack
@AwasMart,11778,2025-06-09T18:32:54+00:00,"РЮЄ№ИЈ 3Tier Toilet Rack

­ЪЉЅDimensions:-47*25*155cm
┬а┬а.
рІІрїІ­ЪњхрЇд┬а ­Ъњ░ 3,600 рЅЦрѕГ

­ЪњгрЅарЅ┤рѕїрїЇрѕФрѕЮ рѕѕрѕЏрІўрІЮ @wamrt1
┬а┬а┬а┬а┬а┬а┬а┬а┬а┬а┬а┬а┬а┬а┬а┬а┬а┬а┬а┬а┬а┬а┬а┬а┬а┬а┬а┬а┬а┬а┬а┬а┬а┬а┬а@wamrt2
­ЪЊЇріарІхрѕФрѕ╗рЅйріЋ:-
1№ИЈРЃБ.­ЪЊї рѕюріГрѕ▓рі« ріарѕЇрѕ│рѕЮ ріарЇЊрѕГрЅ│рѕЏ рїЇрѕФрІЇріЋрІх рЅЂ. 29

2№ИЈРЃБ.­ЪЊї рЅдрѕї рѕўрІхрѕљріћрІЊрѕѕрѕЮ рЅдрѕї рѕўрѕ░ріЊрІХ рЅх/рЅцрЅх рЇірЅхрѕѕрЇірЅх ріарѕѕрѕЮріљрѕй рЇЋрѕІрІЏ рїЇрѕФрІЇріЋрІх рѕ▒рЅЁ рЅЂрїЦрѕГ 05 

­ЪЊ╗(+251941661030 / +251943190237)

­ЪЉЇрѕѕрІѕрІ│рїЁрІј рѕхрѕІрїІрѕЕ ріЦріЊрѕўрѕарїЇріЊрѕѕріЋ Рў║№ИЈ

­Ъцф рЅ┤рѕїрїЇрѕФрѕЮ рЅ╗ріЊрѕЇ t.me/AwasMart

­ЪЊї­ЪЊї­ЪЊї­ЪЊї­ЪЊї­ЪЊї­ЪЊї­ЪЊї­ЪЊї­ЪЊї­ЪЊї",-1001429900086,3237,data/raw/media\@AwasMart_11778.jpg,,"РЮЄ№ИЈ 3Tier Toilet Rack ­ЪЉЅDimensions:-47*25*155cm . рІІрїІ­Ъњх ­Ъњ░ 3,600 ETB ­ЪњгрЅарЅ┤рѕїрїЇрѕФрѕЮ рѕѕрѕЏрІўрІЮ @wamrt1 @wamrt2 ­ЪЊЇріарІхрѕФрѕ╗рЅйріЋ:- 1№ИЈРЃБ.­ЪЊї рѕюріГрѕ▓рі« ріарѕЇрѕ│рѕЮ ріарЇЊрѕГрЅ│рѕЏ рїЇрѕФрІЇріЋрІх рЅЂ. 29 2№ИЈРЃБ.­ЪЊї рЅдрѕї рѕўрІхрѕљріћрІЊрѕѕрѕЮ рЅдрѕї рѕўрѕ░ріЊрІХ рЅх/рЅцрЅх рЇірЅхрѕѕрЇірЅх ріарѕѕрѕЮріљрѕй рЇЋрѕІрІЏ рїЇрѕФрІЇріЋрІх рѕ▒рЅЁ рЅЂрїЦрѕГ 05 ­ЪЊ╗(+251941661030 / +251943190237) ­ЪЉЇрѕѕрІѕрІ│рїЁрІј рѕхрѕІрїІрѕЕ ріЦріЊрѕўрѕарїЇріЊрѕѕріЋ Рў║№ИЈ ­Ъцф рЅ┤рѕїрїЇрѕФрѕЮ рЅ╗ріЊрѕЇ t.me/AwasMart ­ЪЊї­ЪЊї­ЪЊї­ЪЊї­ЪЊї­ЪЊї­ЪЊї­ЪЊї­ЪЊї­ЪЊї­ЪЊї","3Tier Toilet Rack Dimensions -47 25 155cm . рІІрїІ 3,600 ETB рЅарЅ┤рѕїрїЇрѕФрѕЮ рѕѕрѕЏрІўрІЮ wamrt1 wamrt2 ріарІхрѕФрѕ╗рЅйріЋ - 1 . рѕюріГрѕ▓рі« ріарѕЇрѕ│рѕЮ ріарЇЊрѕГрЅ│рѕЏ рїЇрѕФрІЇріЋрІх рЅЂ. 29 2 . рЅдрѕї рѕўрІхрѕљріћрІЊрѕѕрѕЮ рЅдрѕї рѕўрѕ░ріЊрІХ рЅх рЅцрЅх рЇірЅхрѕѕрЇірЅх ріарѕѕрѕЮріљрѕй рЇЋрѕІрІЏ рїЇрѕФрІЇріЋрІх рѕ▒рЅЁ рЅЂрїЦрѕГ 05 ( 251941661030 251943190237) рѕѕрІѕрІ│рїЁрІј рѕхрѕІрїІрѕЕ ріЦріЊрѕўрѕарїЇріЊрѕѕріЋ рЅ┤рѕїрїЇрѕФрѕЮ рЅ╗ріЊрѕЇ t.me AwasMart"
@AwasMart,11777,2025-06-09T12:35:25+00:00,,-1001429900086,3205,data/raw/media\@AwasMart_11777.jpg,,,
@AwasMart,11776,2025-06-09T12:35:25+00:00,,-1001429900086,3474,data/raw/media\@AwasMart_11776.jpg,,,
@AwasMart,11775,2025-06-09T12:35:24+00:00,,-1001429900086,2963,data/raw/media\@AwasMart_11775.jpg,,,
@AwasMart,11774,2025-06-09T12:35:24+00:00,,-1001429900086,3183,data/raw/media\@AwasMart_11774.jpg,,,
@AwasMart,11773,2025-06-09T12:35:24+00:00,,-1001429900086,3194,data/raw/media\@AwasMart_11773.jpg,,,
@AwasMart,11772,2025-06-09T12:35:24+00:00,,-1001429900086,3169,data/raw/media\@AwasMart_11772.jpg,,,
@AwasMart,11771,2025-06-09T12:35:24+00:00,,-1001429900086,2965,data/raw/media\@AwasMart_11771.jpg,,,
@AwasMart,11770,2025-06-09T12:35:10+00:00,"РЮЄ№ИЈ U shapped Stainless Steel Frame Mosquito Net

Рюћ№ИЈріарІ▓рѕх рІ▓рІЏрІГріЋ ріарїјрЅарѕГ
Рюћ№ИЈ рїБрѕфрІФрІЇ U рЅЁрѕГрЇЁ рІФрѕѕрІЇ рІерѕЏрІГрІЮрїЇ рЅЦрѕерЅх
Рюћ№ИЈ рЅарЅђрѕІрѕЅ рІерѕџрїѕрїБрїарѕЮрЇц рІерѕџрЇѕрЅ│
Рюћ№ИЈ рѕѕ 1.80 рѕюрЅхрѕГ ріЦріЊ рІерЅдрЅ│ рїЦрЅарЅх ріерѕїрѕѕрЅЦрІјрЅх ріерІџрІФ рЅарЅ│рЅй рѕѕрѕєріЉ ріарѕЇрїІрІјрЅй рІерѕџрѕєріЋ
Рюћ№ИЈ рѕѕ 2 рѕюрЅхрѕГ рѕхрЇІрЅх рѕІрѕІрЅИрІЇ ріарѕЇрїІрІјрЅй ріарїјрЅарѕЕріЋ рІѕрІ░рїјріЋ рЅарѕўрЅарЅ░ріЋ рѕірїарЅђрѕЎрЅарЅх рІГрЅйрѕІрѕЅ
Рюћ№ИЈ рЅаріљрїГрЇБ рЅарІѕрІГріљ рїарїЁрЇБ рЅарЅАріњ ріЦріЊ рЅарЇњріЋріГ рЅђрѕѕрѕЮ рІерѕўрїБ

Size:- 180*180cm

┬а┬а┬а┬а┬а┬а рІІрїІ­ЪњхрЇд┬а ­Ъњ░ 6,000 рЅЦрѕГ

­ЪњгрЅарЅ┤рѕїрїЇрѕФрѕЮ рѕѕрѕЏрІўрІЮ @wamrt1
┬а┬а┬а┬а┬а┬а┬а┬а┬а┬а┬а┬а┬а┬а┬а┬а┬а┬а┬а┬а┬а┬а┬а┬а┬а┬а┬а┬а┬а┬а┬а┬а┬а┬а┬а@wamrt2
­ЪЊЇріарІхрѕФрѕ╗рЅйріЋ:-
1№ИЈРЃБ.­ЪЊї рѕюріГрѕ▓рі« ріарѕЇрѕ│рѕЮ ріарЇЊрѕГрЅ│рѕЏ рїЇрѕФрІЇріЋрІх рЅЂ. 29

2№ИЈРЃБ.­ЪЊї рЅдрѕї рѕўрІхрѕљріћрІЊрѕѕрѕЮ рЅдрѕї рѕўрѕ░ріЊрІХ рЅх/рЅцрЅх рЇірЅхрѕѕрЇірЅх ріарѕѕрѕЮріљрѕй рЇЋрѕІрІЏ рїЇрѕФрІЇріЋрІх рѕ▒рЅЁ рЅЂрїЦрѕГ 05 

­ЪЊ╗(+251941661030 / +251943190237)

­ЪЉЇрѕѕрІѕрІ│рїЁрІј рѕхрѕІрїІрѕЕ ріЦріЊрѕўрѕарїЇріЊрѕѕріЋ Рў║№ИЈ

­Ъцф рЅ┤рѕїрїЇрѕФрѕЮ рЅ╗ріЊрѕЇ t.me/AwasMart

­ЪЊї­ЪЊї­ЪЊї­ЪЊї­ЪЊї­ЪЊї­ЪЊї­ЪЊї­ЪЊї­ЪЊї­ЪЊї",-1001429900086,2937,data/raw/media\@AwasMart_11770.jpg,,"РЮЄ№ИЈ U shapped Stainless Steel Frame Mosquito Net Рюћ№ИЈріарІ▓рѕх рІ▓рІЏрІГріЋ ріарїјрЅарѕГ Рюћ№ИЈ рїБрѕфрІФрІЇ U рЅЁрѕГрЇЁ рІФрѕѕрІЇ рІерѕЏрІГрІЮрїЇ рЅЦрѕерЅх Рюћ№ИЈ рЅарЅђрѕІрѕЅ рІерѕџрїѕрїБрїарѕЮ рІерѕџрЇѕрЅ│ Рюћ№ИЈ рѕѕ 1.80 рѕюрЅхрѕГ ріЦріЊ рІерЅдрЅ│ рїЦрЅарЅх ріерѕїрѕѕрЅЦрІјрЅх ріерІџрІФ рЅарЅ│рЅй рѕѕрѕєріЉ ріарѕЇрїІрІјрЅй рІерѕџрѕєріЋ Рюћ№ИЈ рѕѕ 2 рѕюрЅхрѕГ рѕхрЇІрЅх рѕІрѕІрЅИрІЇ ріарѕЇрїІрІјрЅй ріарїјрЅарѕЕріЋ рІѕрІ░рїјріЋ рЅарѕўрЅарЅ░ріЋ рѕірїарЅђрѕЎрЅарЅх рІГрЅйрѕІрѕЅ Рюћ№ИЈ рЅаріљрїГ рЅарІѕрІГріљ рїарїЁ рЅарЅАріњ ріЦріЊ рЅарЇњріЋріГ рЅђрѕѕрѕЮ рІерѕўрїБ Size:- 180*180cm рІІрїІ­Ъњх ­Ъњ░ 6,000 ETB ­ЪњгрЅарЅ┤рѕїрїЇрѕФрѕЮ рѕѕрѕЏрІўрІЮ @wamrt1 @wamrt2 ­ЪЊЇріарІхрѕФрѕ╗рЅйріЋ:- 1№ИЈРЃБ.­ЪЊї рѕюріГрѕ▓рі« ріарѕЇрѕ│рѕЮ ріарЇЊрѕГрЅ│рѕЏ рїЇрѕФрІЇріЋрІх рЅЂ. 29 2№ИЈРЃБ.­ЪЊї рЅдрѕї рѕўрІхрѕљріћрІЊрѕѕрѕЮ рЅдрѕї рѕўрѕ░ріЊрІХ рЅх/рЅцрЅх рЇірЅхрѕѕрЇірЅх ріарѕѕрѕЮріљрѕй рЇЋрѕІрІЏ рїЇрѕФрІЇріЋрІх рѕ▒рЅЁ рЅЂрїЦрѕГ 05 ­ЪЊ╗(+251941661030 / +251943190237) ­ЪЉЇрѕѕрІѕрІ│рїЁрІј рѕхрѕІрїІрѕЕ ріЦріЊрѕўрѕарїЇріЊрѕѕріЋ Рў║№ИЈ ­Ъцф рЅ┤рѕїрїЇрѕФрѕЮ рЅ╗ріЊрѕЇ t.me/AwasMart ­ЪЊї­ЪЊї­ЪЊї­ЪЊї­ЪЊї­ЪЊї­ЪЊї­ЪЊї­ЪЊї­ЪЊї­ЪЊї","U shapped Stainless Steel Frame Mosquito Net ріарІ▓рѕх рІ▓рІЏрІГріЋ ріарїјрЅарѕГ рїБрѕфрІФрІЇ U рЅЁрѕГрЇЁ рІФрѕѕрІЇ рІерѕЏрІГрІЮрїЇ рЅЦрѕерЅх рЅарЅђрѕІрѕЅ рІерѕџрїѕрїБрїарѕЮ рІерѕџрЇѕрЅ│ рѕѕ 1.80 рѕюрЅхрѕГ ріЦріЊ рІерЅдрЅ│ рїЦрЅарЅх ріерѕїрѕѕрЅЦрІјрЅх ріерІџрІФ рЅарЅ│рЅй рѕѕрѕєріЉ ріарѕЇрїІрІјрЅй рІерѕџрѕєріЋ рѕѕ 2 рѕюрЅхрѕГ рѕхрЇІрЅх рѕІрѕІрЅИрІЇ ріарѕЇрїІрІјрЅй ріарїјрЅарѕЕріЋ рІѕрІ░рїјріЋ рЅарѕўрЅарЅ░ріЋ рѕірїарЅђрѕЎрЅарЅх рІГрЅйрѕІрѕЅ рЅаріљрїГ рЅарІѕрІГріљ рїарїЁ рЅарЅАріњ ріЦріЊ рЅарЇњріЋріГ рЅђрѕѕрѕЮ рІерѕўрїБ Size - 180 180cm рІІрїІ 6,000 ETB рЅарЅ┤рѕїрїЇрѕФрѕЮ рѕѕрѕЏрІўрІЮ wamrt1 wamrt2 ріарІхрѕФрѕ╗рЅйріЋ - 1 . рѕюріГрѕ▓рі« ріарѕЇрѕ│рѕЮ ріарЇЊрѕГрЅ│рѕЏ рїЇрѕФрІЇріЋрІх рЅЂ. 29 2 . рЅдрѕї рѕўрІхрѕљріћрІЊрѕѕрѕЮ рЅдрѕї рѕўрѕ░ріЊрІХ рЅх рЅцрЅх рЇірЅхрѕѕрЇірЅх ріарѕѕрѕЮріљрѕй рЇЋрѕІрІЏ рїЇрѕФрІЇріЋрІх рѕ▒рЅЁ рЅЂрїЦрѕГ 05 ( 251941661030 251943190237) рѕѕрІѕрІ│рїЁрІј рѕхрѕІрїІрѕЕ ріЦріЊрѕўрѕарїЇріЊрѕѕріЋ рЅ┤рѕїрїЇрѕФрѕЮ рЅ╗ріЊрѕЇ t.me AwasMart"
@AwasMart,11769,2025-06-09T06:13:22+00:00,РЮЄ№ИЈOne Step Hair Dryer & Styler,-1001429900086,2945,,data/raw/media\@AwasMart_11769.mp4,РЮЄ№ИЈOne Step Hair Dryer & Styler,One Step Hair Dryer Styler
@AwasMart,11768,2025-06-09T06:13:22+00:00,"РЮЄ№ИЈ One Step Hair Dryer & Styler 

­Ъћ░ ріерѕГрѕЇ рѕѕрѕўрѕхрѕФрЅх
­Ъћ░ рѕѕрѕЏрѕѕрѕхрѕѕрѕх
­Ъћ░ ріЦріЋрІ▓рѕЂрѕЮ рѕѕрѕЏрІхрѕерЅЁ рІерѕџрІФрїѕрѕѕрїЇрѕЇ рѕѕрібрЅхрІ«рїхрІФрІЇрІФріЋ рЇђрїЅрѕГ рЅ░рѕхрѕЏрѕџ

­Ъћ░ рІерѕЎрЅђрЅх рѕўрЅєрїБрїарѕфрІФ рѕхрѕІрѕѕрІЇ рѕѕріарїарЅЃрЅђрѕЮ рѕЮрЅ╣

┬а┬а┬а рІІрїІ­ЪњхрЇд┬а ­Ъњ░1,600 рЅЦрѕГ

­ЪњгрЅарЅ┤рѕїрїЇрѕФрѕЮ рѕѕрѕЏрІўрІЮ @wamrt1
┬а┬а┬а┬а┬а┬а┬а┬а┬а┬а┬а┬а┬а┬а┬а┬а┬а┬а┬а┬а┬а┬а┬а┬а┬а┬а┬а┬а┬а┬а┬а┬а┬а┬а┬а@wamrt2
­ЪЊЇріарІхрѕФрѕ╗рЅйріЋ:-
1№ИЈРЃБ.­ЪЊї рѕюріГрѕ▓рі« ріарѕЇрѕ│рѕЮ ріарЇЊрѕГрЅ│рѕЏ рїЇрѕФрІЇріЋрІх рЅЂ. 29

2№ИЈРЃБ.­ЪЊї рЅдрѕї рѕўрІхрѕљріћрІЊрѕѕрѕЮ рЅдрѕї рѕўрѕ░ріЊрІХ рЅх/рЅцрЅх рЇірЅхрѕѕрЇірЅх ріарѕѕрѕЮріљрѕй рЇЋрѕІрІЏ рїЇрѕФрІЇріЋрІх рѕ▒рЅЁ рЅЂрїЦрѕГ 05 

­ЪЊ╗(+251941661030 / +251943190237)

­ЪЉЇрѕѕрІѕрІ│рїЁрІј рѕхрѕІрїІрѕЕ ріЦріЊрѕўрѕарїЇріЊрѕѕріЋ Рў║№ИЈ

­Ъцф рЅ┤рѕїрїЇрѕФрѕЮ рЅ╗ріЊрѕЇ t.me/AwasMart

­ЪЊї­ЪЊї­ЪЊї­ЪЊї­ЪЊї­ЪЊї­ЪЊї­ЪЊї­ЪЊї­ЪЊї­ЪЊї",-1001429900086,3130,data/raw/media\@AwasMart_11768.jpg,,"РЮЄ№ИЈ One Step Hair Dryer & Styler ­Ъћ░ ріерѕГрѕЇ рѕѕрѕўрѕхрѕФрЅх ­Ъћ░ рѕѕрѕЏрѕѕрѕхрѕѕрѕх ­Ъћ░ ріЦріЋрІ▓рѕЂрѕЮ рѕѕрѕЏрІхрѕерЅЁ рІерѕџрІФрїѕрѕѕрїЇрѕЇ рѕѕрібрЅхрІ«рїхрІФрІЇрІФріЋ рЇђрїЅрѕГ рЅ░рѕхрѕЏрѕџ ­Ъћ░ рІерѕЎрЅђрЅх рѕўрЅєрїБрїарѕфрІФ рѕхрѕІрѕѕрІЇ рѕѕріарїарЅЃрЅђрѕЮ рѕЮрЅ╣ рІІрїІ­Ъњх ­Ъњ░1,600 ETB ­ЪњгрЅарЅ┤рѕїрїЇрѕФрѕЮ рѕѕрѕЏрІўрІЮ @wamrt1 @wamrt2 ­ЪЊЇріарІхрѕФрѕ╗рЅйріЋ:- 1№ИЈРЃБ.­ЪЊї рѕюріГрѕ▓рі« ріарѕЇрѕ│рѕЮ ріарЇЊрѕГрЅ│рѕЏ рїЇрѕФрІЇріЋрІх рЅЂ. 29 2№ИЈРЃБ.­ЪЊї рЅдрѕї рѕўрІхрѕљріћрІЊрѕѕрѕЮ рЅдрѕї рѕўрѕ░ріЊрІХ рЅх/рЅцрЅх рЇірЅхрѕѕрЇірЅх ріарѕѕрѕЮріљрѕй рЇЋрѕІрІЏ рїЇрѕФрІЇріЋрІх рѕ▒рЅЁ рЅЂрїЦрѕГ 05 ­ЪЊ╗(+251941661030 / +251943190237) ­ЪЉЇрѕѕрІѕрІ│рїЁрІј рѕхрѕІрїІрѕЕ ріЦріЊрѕўрѕарїЇріЊрѕѕріЋ Рў║№ИЈ ­Ъцф рЅ┤рѕїрїЇрѕФрѕЮ рЅ╗ріЊрѕЇ t.me/AwasMart ­ЪЊї­ЪЊї­ЪЊї­ЪЊї­ЪЊї­ЪЊї­ЪЊї­ЪЊї­ЪЊї­ЪЊї­ЪЊї","One Step Hair Dryer Styler ріерѕГрѕЇ рѕѕрѕўрѕхрѕФрЅх рѕѕрѕЏрѕѕрѕхрѕѕрѕх ріЦріЋрІ▓рѕЂрѕЮ рѕѕрѕЏрІхрѕерЅЁ рІерѕџрІФрїѕрѕѕрїЇрѕЇ рѕѕрібрЅхрІ«рїхрІФрІЇрІФріЋ рЇђрїЅрѕГ рЅ░рѕхрѕЏрѕџ рІерѕЎрЅђрЅх рѕўрЅєрїБрїарѕфрІФ рѕхрѕІрѕѕрІЇ рѕѕріарїарЅЃрЅђрѕЮ рѕЮрЅ╣ рІІрїІ 1,600 ETB рЅарЅ┤рѕїрїЇрѕФрѕЮ рѕѕрѕЏрІўрІЮ wamrt1 wamrt2 ріарІхрѕФрѕ╗рЅйріЋ - 1 . рѕюріГрѕ▓рі« ріарѕЇрѕ│рѕЮ ріарЇЊрѕГрЅ│рѕЏ рїЇрѕФрІЇріЋрІх рЅЂ. 29 2 . рЅдрѕї рѕўрІхрѕљріћрІЊрѕѕрѕЮ рЅдрѕї рѕўрѕ░ріЊрІХ рЅх рЅцрЅх рЇірЅхрѕѕрЇірЅх ріарѕѕрѕЮріљрѕй рЇЋрѕІрІЏ рїЇрѕФрІЇріЋрІх рѕ▒рЅЁ рЅЂрїЦрѕГ 05 ( 251941661030 251943190237) рѕѕрІѕрІ│рїЁрІј рѕхрѕІрїІрѕЕ ріЦріЊрѕўрѕарїЇріЊрѕѕріЋ рЅ┤рѕїрїЇрѕФрѕЮ рЅ╗ріЊрѕЇ t.me AwasMart"
@AwasMart,11767,2025-06-08T06:19:40+00:00,РЮЄ№ИЈCar Solar Aromatherapy,-1001429900086,3269,,data/raw/media\@AwasMart_11767.mp4,РЮЄ№ИЈCar Solar Aromatherapy,Car Solar Aromatherapy
@AwasMart,11766,2025-06-08T06:19:40+00:00,"РЮЄ№ИЈCar Solar Aromatherapy

­ЪЉЇрЅа рЇђрѕђрІГ рЅЦрѕГрѕђріЋ рІерѕџрѕ░рѕФ
­ЪЉЇрѕѕрѕўріфріЊрІј рїЦрѕЕ рїарѕеріЋ рІерѕџрІФрѕІрЅЦрѕх
­ЪЉЇріЦрІерЅ░рѕйріерѕеріерѕе ріарІерѕГ рЅарѕЏрЇЁрІ│рЅх рїЦрѕЕ рѕўріарІЏріЋ рІерѕџрѕ░рїЦ 

­ЪЉЇрѕѕрѕўріфріЊрІј рЅ░рїерѕЏрѕф рІЇрЅарЅхріЋ рІерѕџрѕ░рїЦ

┬а┬а┬а рІІрїІ­ЪњхрЇд┬а ­Ъњ░850 рЅЦрѕГ

­ЪњгрЅарЅ┤рѕїрїЇрѕФрѕЮ рѕѕрѕЏрІўрІЮ @wamrt1
┬а┬а┬а┬а┬а┬а┬а┬а┬а┬а┬а┬а┬а┬а┬а┬а┬а┬а┬а┬а┬а┬а┬а┬а┬а┬а┬а┬а┬а┬а┬а┬а┬а┬а┬а@wamrt2
­ЪЊЇріарІхрѕФрѕ╗рЅйріЋ:-
1№ИЈРЃБ.­ЪЊї рѕюріГрѕ▓рі« ріарѕЇрѕ│рѕЮ ріарЇЊрѕГрЅ│рѕЏ рїЇрѕФрІЇріЋрІх рЅЂ. 29

2№ИЈРЃБ.­ЪЊї рЅдрѕї рѕўрІхрѕљріћрІЊрѕѕрѕЮ рЅдрѕї рѕўрѕ░ріЊрІХ рЅх/рЅцрЅх рЇірЅхрѕѕрЇірЅх ріарѕѕрѕЮріљрѕй рЇЋрѕІрІЏ рїЇрѕФрІЇріЋрІх рѕ▒рЅЁ рЅЂрїЦрѕГ 05 

­ЪЊ╗(+251941661030 / +251943190237)

­ЪЉЇрѕѕрІѕрІ│рїЁрІј рѕхрѕІрїІрѕЕ ріЦріЊрѕўрѕарїЇріЊрѕѕріЋ Рў║№ИЈ

­Ъцф рЅ┤рѕїрїЇрѕФрѕЮ рЅ╗ріЊрѕЇ t.me/AwasMart

­ЪЊї­ЪЊї­ЪЊї­ЪЊї­ЪЊї­ЪЊї­ЪЊї­ЪЊї­ЪЊї­ЪЊї­ЪЊї",-1001429900086,3198,data/raw/media\@AwasMart_11766.jpg,,РЮЄ№ИЈCar Solar Aromatherapy ­ЪЉЇрЅа рЇђрѕђрІГ рЅЦрѕГрѕђріЋ рІерѕџрѕ░рѕФ ­ЪЉЇрѕѕрѕўріфріЊрІј рїЦрѕЕ рїарѕеріЋ рІерѕџрІФрѕІрЅЦрѕх ­ЪЉЇріЦрІерЅ░рѕйріерѕеріерѕе ріарІерѕГ рЅарѕЏрЇЁрІ│рЅх рїЦрѕЕ рѕўріарІЏріЋ рІерѕџрѕ░рїЦ ­ЪЉЇрѕѕрѕўріфріЊрІј рЅ░рїерѕЏрѕф рІЇрЅарЅхріЋ рІерѕџрѕ░рїЦ рІІрїІ­Ъњх ­Ъњ░850 ETB ­ЪњгрЅарЅ┤рѕїрїЇрѕФрѕЮ рѕѕрѕЏрІўрІЮ @wamrt1 @wamrt2 ­ЪЊЇріарІхрѕФрѕ╗рЅйріЋ:- 1№ИЈРЃБ.­ЪЊї рѕюріГрѕ▓рі« ріарѕЇрѕ│рѕЮ ріарЇЊрѕГрЅ│рѕЏ рїЇрѕФрІЇріЋрІх рЅЂ. 29 2№ИЈРЃБ.­ЪЊї рЅдрѕї рѕўрІхрѕљріћрІЊрѕѕрѕЮ рЅдрѕї рѕўрѕ░ріЊрІХ рЅх/рЅцрЅх рЇірЅхрѕѕрЇірЅх ріарѕѕрѕЮріљрѕй рЇЋрѕІрІЏ рїЇрѕФрІЇріЋрІх рѕ▒рЅЁ рЅЂрїЦрѕГ 05 ­ЪЊ╗(+251941661030 / +251943190237) ­ЪЉЇрѕѕрІѕрІ│рїЁрІј рѕхрѕІрїІрѕЕ ріЦріЊрѕўрѕарїЇріЊрѕѕріЋ Рў║№ИЈ ­Ъцф рЅ┤рѕїрїЇрѕФрѕЮ рЅ╗ріЊрѕЇ t.me/AwasMart ­ЪЊї­ЪЊї­ЪЊї­ЪЊї­ЪЊї­ЪЊї­ЪЊї­ЪЊї­ЪЊї­ЪЊї­ЪЊї,Car Solar Aromatherapy рЅа рЇђрѕђрІГ рЅЦрѕГрѕђріЋ рІерѕџрѕ░рѕФ рѕѕрѕўріфріЊрІј рїЦрѕЕ рїарѕеріЋ рІерѕџрІФрѕІрЅЦрѕх ріЦрІерЅ░рѕйріерѕеріерѕе ріарІерѕГ рЅарѕЏрЇЁрІ│рЅх рїЦрѕЕ рѕўріарІЏріЋ рІерѕџрѕ░рїЦ рѕѕрѕўріфріЊрІј рЅ░рїерѕЏрѕф рІЇрЅарЅхріЋ рІерѕџрѕ░рїЦ рІІрїІ 850 ETB рЅарЅ┤рѕїрїЇрѕФрѕЮ рѕѕрѕЏрІўрІЮ wamrt1 wamrt2 ріарІхрѕФрѕ╗рЅйріЋ - 1 . рѕюріГрѕ▓рі« ріарѕЇрѕ│рѕЮ ріарЇЊрѕГрЅ│рѕЏ рїЇрѕФрІЇріЋрІх рЅЂ. 29 2 . рЅдрѕї рѕўрІхрѕљріћрІЊрѕѕрѕЮ рЅдрѕї рѕўрѕ░ріЊрІХ рЅх рЅцрЅх рЇірЅхрѕѕрЇірЅх ріарѕѕрѕЮріљрѕй рЇЋрѕІрІЏ рїЇрѕФрІЇріЋрІх рѕ▒рЅЁ рЅЂрїЦрѕГ 05 ( 251941661030 251943190237) рѕѕрІѕрІ│рїЁрІј рѕхрѕІрїІрѕЕ ріЦріЊрѕўрѕарїЇріЊрѕѕріЋ рЅ┤рѕїрїЇрѕФрѕЮ рЅ╗ріЊрѕЇ t.me AwasMart
@AwasMart,11765,2025-06-07T17:59:10+00:00,РЮЄ№ИЈSilicone baby feeding set,-1001429900086,2993,,data/raw/media\@AwasMart_11765.mp4,РЮЄ№ИЈSilicone baby feeding set,Silicone рѕЁрї╗ріЋ рѕўрѕўрїѕрЅбрІФ рѕхрЅЦрѕхрЅЦ
@AwasMart,11764,2025-06-07T17:59:10+00:00,,-1001429900086,2801,data/raw/media\@AwasMart_11764.jpg,,,
@AwasMart,11763,2025-06-07T17:59:10+00:00,,-1001429900086,3020,data/raw/media\@AwasMart_11763.jpg,,,
@AwasMart,11762,2025-06-07T17:59:10+00:00,,-1001429900086,2682,data/raw/media\@AwasMart_11762.jpg,,,
@AwasMart,11761,2025-06-07T17:59:10+00:00,"РЮЄ№ИЈSilicone baby feeding set

┬а┬а┬а рІІрїІ­ЪњхрЇд┬а ­Ъњ░1,700 рЅЦрѕГ

­ЪњгрЅарЅ┤рѕїрїЇрѕФрѕЮ рѕѕрѕЏрІўрІЮ @wamrt1
┬а┬а┬а┬а┬а┬а┬а┬а┬а┬а┬а┬а┬а┬а┬а┬а┬а┬а┬а┬а┬а┬а┬а┬а┬а┬а┬а┬а┬а┬а┬а┬а┬а┬а┬а@wamrt2
­ЪЊЇріарІхрѕФрѕ╗рЅйріЋ:-
1№ИЈРЃБ.­ЪЊї рѕюріГрѕ▓рі« ріарѕЇрѕ│рѕЮ ріарЇЊрѕГрЅ│рѕЏ рїЇрѕФрІЇріЋрІх рЅЂ. 29

2№ИЈРЃБ.­ЪЊї рЅдрѕї рѕўрІхрѕљріћрІЊрѕѕрѕЮ рЅдрѕї рѕўрѕ░ріЊрІХ рЅх/рЅцрЅх рЇірЅхрѕѕрЇірЅх ріарѕѕрѕЮріљрѕй рЇЋрѕІрІЏ рїЇрѕФрІЇріЋрІх рѕ▒рЅЁ рЅЂрїЦрѕГ 05 

­ЪЊ╗(+251941661030 / +251943190237)

­ЪЉЇрѕѕрІѕрІ│рїЁрІј рѕхрѕІрїІрѕЕ ріЦріЊрѕўрѕарїЇріЊрѕѕріЋ Рў║№ИЈ

­Ъцф рЅ┤рѕїрїЇрѕФрѕЮ рЅ╗ріЊрѕЇ t.me/AwasMart

­ЪЊї­ЪЊї­ЪЊї­ЪЊї­ЪЊї­ЪЊї­ЪЊї­ЪЊї­ЪЊї­ЪЊї­ЪЊї",-1001429900086,2920,data/raw/media\@AwasMart_11761.jpg,,"РЮЄ№ИЈSilicone baby feeding set рІІрїІ­Ъњх ­Ъњ░1,700 ETB ­ЪњгрЅарЅ┤рѕїрїЇрѕФрѕЮ рѕѕрѕЏрІўрІЮ @wamrt1 @wamrt2 ­ЪЊЇріарІхрѕФрѕ╗рЅйріЋ:- 1№ИЈРЃБ.­ЪЊї рѕюріГрѕ▓рі« ріарѕЇрѕ│рѕЮ ріарЇЊрѕГрЅ│рѕЏ рїЇрѕФрІЇріЋрІх рЅЂ. 29 2№ИЈРЃБ.­ЪЊї рЅдрѕї рѕўрІхрѕљріћрІЊрѕѕрѕЮ рЅдрѕї рѕўрѕ░ріЊрІХ рЅх/рЅцрЅх рЇірЅхрѕѕрЇірЅх ріарѕѕрѕЮріљрѕй рЇЋрѕІрІЏ рїЇрѕФрІЇріЋрІх рѕ▒рЅЁ рЅЂрїЦрѕГ 05 ­ЪЊ╗(+251941661030 / +251943190237) ­ЪЉЇрѕѕрІѕрІ│рїЁрІј рѕхрѕІрїІрѕЕ ріЦріЊрѕўрѕарїЇріЊрѕѕріЋ Рў║№ИЈ ­Ъцф рЅ┤рѕїрїЇрѕФрѕЮ рЅ╗ріЊрѕЇ t.me/AwasMart ­ЪЊї­ЪЊї­ЪЊї­ЪЊї­ЪЊї­ЪЊї­ЪЊї­ЪЊї­ЪЊї­ЪЊї­ЪЊї","Silicone рѕЁрї╗ріЋ рѕўрѕўрїѕрЅбрІФ рѕхрЅЦрѕхрЅЦ рІІрїІ 1,700 ETB рЅарЅ┤рѕїрїЇрѕФрѕЮ рѕѕрѕЏрІўрІЮ wamrt1 wamrt2 ріарІхрѕФрѕ╗рЅйріЋ - 1 . рѕюріГрѕ▓рі« ріарѕЇрѕ│рѕЮ ріарЇЊрѕГрЅ│рѕЏ рїЇрѕФрІЇріЋрІх рЅЂ. 29 2 . рЅдрѕї рѕўрІхрѕљріћрІЊрѕѕрѕЮ рЅдрѕї рѕўрѕ░ріЊрІХ рЅх рЅцрЅх рЇірЅхрѕѕрЇірЅх ріарѕѕрѕЮріљрѕй рЇЋрѕІрІЏ рїЇрѕФрІЇріЋрІх рѕ▒рЅЁ рЅЂрїЦрѕГ 05 ( 251941661030 251943190237) рѕѕрІѕрІ│рїЁрІј рѕхрѕІрїІрѕЕ ріЦріЊрѕўрѕарїЇріЊрѕѕріЋ рЅ┤рѕїрїЇрѕФрѕЮ рЅ╗ріЊрѕЇ t.me AwasMart"
@AwasMart,11760,2025-06-07T12:13:28+00:00,"­Ъћќ­Ъћќ­Ъћќ­Ъћќ­Ъћќ­Ъћќ­Ъћќ­Ъћќ­Ъћќ­Ъћќ­Ъћќ­Ъћќ
рІЇрІх рІ░ріЋрЅаріърЅ╗рЅйріЋ рѕ▒рЅЃрЅйріЋ ріљрїѕ ріЦрѕЂрІх ріе4:30-11:00 рѕ░рІЊрЅх ріГрЇЇрЅх рѕўрѕєріЉріЋ рЅаріаріГрЅЦрѕ«рЅх ріЦріЋрїѕрѕЇрЇЃрѕѕріЋрЇб

­ЪЊЇріарІхрѕФрѕ╗рЅйріЋ:-
­ЪЊї рЅдрѕї рѕўрІхрѕљріћрІЊрѕѕрѕЮ рЅдрѕї рѕўрѕ░ріЊрІХ рЅх/рЅцрЅх рЇірЅхрѕѕрЇірЅх ріарѕѕрѕЮріљрѕй рЇЋрѕІрІЏ рїЇрѕФрІЇріЋрІх рѕ▒рЅЁ рЅЂрїЦрѕГ 05 

­ЪЊ╗(+251941661030 / +251943190237)

­ЪЉЇрѕѕрІѕрІ│рїЁрІј рѕхрѕІрїІрѕЕ ріЦріЊрѕўрѕарїЇріЊрѕѕріЋ Рў║№ИЈ

­Ъцф рЅ┤рѕїрїЇрѕФрѕЮ рЅ╗ріЊрѕЇ t.me/AwasMart

­ЪЊї­ЪЊї­ЪЊї­ЪЊї­ЪЊї­ЪЊї­ЪЊї­ЪЊї­ЪЊї­ЪЊї­ЪЊї",-1001429900086,2781,data/raw/media\@AwasMart_11760.jpg,,­Ъћќ­Ъћќ­Ъћќ­Ъћќ­Ъћќ­Ъћќ­Ъћќ­Ъћќ­Ъћќ­Ъћќ­Ъћќ­Ъћќ рІЇрІх рІ░ріЋрЅаріърЅ╗рЅйріЋ рѕ▒рЅЃрЅйріЋ ріљрїѕ ріЦрѕЂрІх ріе4:30-11:00 рѕ░рІЊрЅх ріГрЇЇрЅх рѕўрѕєріЉріЋ рЅаріаріГрЅЦрѕ«рЅх ріЦріЋрїѕрѕЇрЇЃрѕѕріЋ ­ЪЊЇріарІхрѕФрѕ╗рЅйріЋ:- ­ЪЊї рЅдрѕї рѕўрІхрѕљріћрІЊрѕѕрѕЮ рЅдрѕї рѕўрѕ░ріЊрІХ рЅх/рЅцрЅх рЇірЅхрѕѕрЇірЅх ріарѕѕрѕЮріљрѕй рЇЋрѕІрІЏ рїЇрѕФрІЇріЋрІх рѕ▒рЅЁ рЅЂрїЦрѕГ 05 ­ЪЊ╗(+251941661030 / +251943190237) ­ЪЉЇрѕѕрІѕрІ│рїЁрІј рѕхрѕІрїІрѕЕ ріЦріЊрѕўрѕарїЇріЊрѕѕріЋ Рў║№ИЈ ­Ъцф рЅ┤рѕїрїЇрѕФрѕЮ рЅ╗ріЊрѕЇ t.me/AwasMart ­ЪЊї­ЪЊї­ЪЊї­ЪЊї­ЪЊї­ЪЊї­ЪЊї­ЪЊї­ЪЊї­ЪЊї­ЪЊї,рІЇрІх рІ░ріЋрЅаріърЅ╗рЅйріЋ рѕ▒рЅЃрЅйріЋ ріљрїѕ ріЦрѕЂрІх ріе4 30-11 00 рѕ░рІЊрЅх ріГрЇЇрЅх рѕўрѕєріЉріЋ рЅаріаріГрЅЦрѕ«рЅх ріЦріЋрїѕрѕЇрЇЃрѕѕріЋ ріарІхрѕФрѕ╗рЅйріЋ - рЅдрѕї рѕўрІхрѕљріћрІЊрѕѕрѕЮ рЅдрѕї рѕўрѕ░ріЊрІХ рЅх рЅцрЅх рЇірЅхрѕѕрЇірЅх ріарѕѕрѕЮріљрѕй рЇЋрѕІрІЏ рїЇрѕФрІЇріЋрІх рѕ▒рЅЁ рЅЂрїЦрѕГ 05 ( 251941661030 251943190237) рѕѕрІѕрІ│рїЁрІј рѕхрѕІрїІрѕЕ ріЦріЊрѕўрѕарїЇріЊрѕѕріЋ рЅ┤рѕїрїЇрѕФрѕЮ рЅ╗ріЊрѕЇ t.me AwasMart
