channel,message_id,date,text,sender_id,views,image_path,doc_path,processed_text
@helloomarketethiopia,4562,2025-05-23T13:34:44+00:00,"рѕЂрѕѕрЅх рѕ▓рїѕрІЎ 5% рЅЁріЊрѕй 
рѕЎрѕЅ рЅарѕЎрѕЅ рІерѕўріЮрЅ│ рЅцрЅхрІјріЋ рІЇрЅарЅх рІерѕџрїерѕЮрѕГ ріаріљрѕХрѕІ рѕѕрѕЏрІўрІЮ 8420 рІГрІ░рІЇрѕЅ рІѕрІГрѕЮ https://t.me/helloo_market_bot?start=175610010 рІГрїарЅђрѕЎ! 
рѕўрїаріЋ: 2.40 * 1.75
рЅЦрІЏрЅх: рѕЂрѕѕрЅх ріаріЋрѕХрѕІ ріЦріЊ рѕЂрѕѕрЅх рІерЅ░рѕФрѕх рѕЇрЅЦрѕх
#Madeinethiopia #Bedding #Ethiopian #Marketplace #BuyEthiopia",-1001403573865,2282,data/raw/media\@helloomarketethiopia_4562.jpg,,рѕЂрѕѕрЅх рѕ▓рїѕрІЎ 5% рЅЁріЊрѕй рѕЎрѕЅ рЅарѕЎрѕЅ рІерѕўріЮрЅ│ рЅцрЅхрІјріЋ рІЇрЅарЅх рІерѕџрїерѕЮрѕГ ріаріљрѕХрѕІ рѕѕрѕЏрІўрІЮ 8420 рІГрІ░рІЇрѕЅ рІѕрІГрѕЮ https://t.me/helloo_market_bot?start=175610010 рІГрїарЅђрѕЎ рѕўрїаріЋ: 2.40 * 1.75 рЅЦрІЏрЅх: рѕЂрѕѕрЅх ріаріЋрѕХрѕІ ріЦріЊ рѕЂрѕѕрЅх рІерЅ░рѕФрѕх рѕЇрЅЦрѕх #Madeinethiopia #Bedding #Ethiopian #Marketplace #BuyEthiopia
@helloomarketethiopia,4561,2025-05-16T13:18:16+00:00,"рІерѕЇрїєрЅй рІѕрЅЦ рЅБрѕЏрѕе рІ▓рІЏрІГріЋ рІерЅ░рѕ░рѕФ рЅђрѕџрѕх рѕѕрѕЏрІўрІЮ 0974312223 рІГрІ░рІЇрѕЅ рІѕрІГрѕЮ https://t.me/helloo_market_bot?start=176010001 рІГрїарЅђрѕЎ! 
рѕўрїаріЋ: S: L ріЦріЊ M
#Madeinethiopia #Kids #KidsFashion #Ethiopian #Marketplace #BuyEthiopia",-1001403573865,3277,data/raw/media\@helloomarketethiopia_4561.jpg,,рІерѕЇрїєрЅй рІѕрЅЦ рЅБрѕЏрѕе рІ▓рІЏрІГріЋ рІерЅ░рѕ░рѕФ рЅђрѕџрѕх рѕѕрѕЏрІўрІЮ 0974312223 рІГрІ░рІЇрѕЅ рІѕрІГрѕЮ https://t.me/helloo_market_bot?start=176010001 рІГрїарЅђрѕЎ рѕўрїаріЋ: S: L ріЦріЊ M #Madeinethiopia #Kids #KidsFashion #Ethiopian #Marketplace #BuyEthiopia
@helloomarketethiopia,4560,2025-05-12T13:45:37+00:00,"ріарѕхрІ░ріЊрЅё ріарЅхрІ«рїхрІФрІі рѕЮрѕхрѕЇрѕјрЅй рІФрѕІрЅИрІЇ рІеріарѕерЅё рѕўрѕѕріфрІФ рѕѕрѕЏрІўрІЮ 0974312223 рІГрІ░рІЇрѕЅ рІѕрІГрѕЮ https://t.me/helloo_market_bot?start=160010001 рІГрїарЅђрѕЎ! 
#Madeinethiopia #HomeDecor ┬а#Ethiopian #Marketplace #BuyEthiopia",-1001403573865,3587,data/raw/media\@helloomarketethiopia_4560.jpg,,ріарѕхрІ░ріЊрЅё ріарЅхрІ«рїхрІФрІі рѕЮрѕхрѕЇрѕјрЅй рІФрѕІрЅИрІЇ рІеріарѕерЅё рѕўрѕѕріфрІФ рѕѕрѕЏрІўрІЮ 0974312223 рІГрІ░рІЇрѕЅ рІѕрІГрѕЮ https://t.me/helloo_market_bot?start=160010001 рІГрїарЅђрѕЎ #Madeinethiopia #HomeDecor #Ethiopian #Marketplace #BuyEthiopia
@helloomarketethiopia,4559,2025-05-10T09:47:16+00:00,"рЅЦрІЎ рЅ░рІѕрІ│рїђріљрЅхріЋ рІерЅ░рѕерЇѕ рІерЅЃрѕЇріфрІ│ріЋ рїЅрІъ рѕѕрѕЂрѕЅрѕЮ ріЦрІхрѕю рІерѕџрѕєріЋ рІеріарѕЏрѕеріЏ рѕхрІЋрѕІрІі ріЦріЊ рѕўрѕ│рїГ рЅ│рѕфріГ рЅарЅђрѕѕрѕЮ ріЦрЅхрѕўрЅх рѕѕрѕЏрІўрІЮ 0974312223 рІГрІ░рІЇрѕЅ рІѕрІГрѕЮ https://t.me/helloo_market_bot?start=121910003 рІГрїарЅђрѕЎ! 
#Madeinethiopia #Books #Ethiopian #Marketplace #BuyEthiopia",-1001403573865,3422,data/raw/media\@helloomarketethiopia_4559.jpg,,рЅЦрІЎ рЅ░рІѕрІ│рїђріљрЅхріЋ рІерЅ░рѕерЇѕ рІерЅЃрѕЇріфрІ│ріЋ рїЅрІъ рѕѕрѕЂрѕЅрѕЮ ріЦрІхрѕю рІерѕџрѕєріЋ рІеріарѕЏрѕеріЏ рѕхрІЋрѕІрІі ріЦріЊ рѕўрѕ│рїГ рЅ│рѕфріГ рЅарЅђрѕѕрѕЮ ріЦрЅхрѕўрЅх рѕѕрѕЏрІўрІЮ 0974312223 рІГрІ░рІЇрѕЅ рІѕрІГрѕЮ https://t.me/helloo_market_bot?start=121910003 рІГрїарЅђрѕЎ #Madeinethiopia #Books #Ethiopian #Marketplace #BuyEthiopia
@helloomarketethiopia,4558,2025-05-09T09:35:20+00:00,"рѕѕрЅцрЅхрІј рІ░рѕЮрЅђрЅх рІерѕџрїерѕЮрѕЕ рѕ╗рѕЏрІјрЅй рЅарЅ░рѕѕрІФрІе рѕўрїаріЋ ріЦріЊ рЅђрѕѕрѕЮ┬арѕѕрѕЏрІўрІЮ 0974312223 рІГрІ░рІЇрѕЅ рІѕрІГрѕЮ
https://t.me/helloo_market_bot?start=020010001
https://t.me/helloo_market_bot?start=020010002 
https://t.me/helloo_market_bot?start=020010003  рІГрїарЅђрѕЎ! 
#Madeinethiopia #HomeDecor #Candles #Ethiopian #Marketplace #BuyEthiopia",-1001403573865,3018,data/raw/media\@helloomarketethiopia_4558.jpg,,рѕѕрЅцрЅхрІј рІ░рѕЮрЅђрЅх рІерѕџрїерѕЮрѕЕ рѕ╗рѕЏрІјрЅй рЅарЅ░рѕѕрІФрІе рѕўрїаріЋ ріЦріЊ рЅђрѕѕрѕЮ рѕѕрѕЏрІўрІЮ 0974312223 рІГрІ░рІЇрѕЅ рІѕрІГрѕЮ https://t.me/helloo_market_bot?start=020010001 https://t.me/helloo_market_bot?start=020010002 https://t.me/helloo_market_bot?start=020010003 рІГрїарЅђрѕЎ #Madeinethiopia #HomeDecor #Candles #Ethiopian #Marketplace #BuyEthiopia
@helloomarketethiopia,4557,2025-05-08T08:26:55+00:00,"рѕѕрЅцрЅХ ріарѕЇрІФрѕЮ рѕѕрѕўрѕхрѕфрІФ рЅцрЅХ рІ░рѕерЅЁ рІерЅєрѕ╗рѕ╗ рѕЏрїарѕФрЅђрѕџрІФ┬а рѕѕрѕЏрІўрІЮ 0974312223 рІГрІ░рІЇрѕЅ рІѕрІГрѕЮ https://t.me/helloo_market_bot?start=155010002 рІГрїарЅђрѕЎ! 
рЅЂрїЦрѕГрЇд 150* 66 рѕ▓рѕю
рЅЦрІЏрЅх:-10рЇЇрѕг
#Madeinethiopia #CleaningSplices #GroceryAndGourmet #Ethiopian #Marketplace #BuyEthiopia",-1001403573865,2903,data/raw/media\@helloomarketethiopia_4557.jpg,,рѕѕрЅцрЅХ ріарѕЇрІФрѕЮ рѕѕрѕўрѕхрѕфрІФ рЅцрЅХ рІ░рѕерЅЁ рІерЅєрѕ╗рѕ╗ рѕЏрїарѕФрЅђрѕџрІФ рѕѕрѕЏрІўрІЮ 0974312223 рІГрІ░рІЇрѕЅ рІѕрІГрѕЮ https://t.me/helloo_market_bot?start=155010002 рІГрїарЅђрѕЎ рЅЂрїЦрѕГ 150* 66 рѕ▓рѕю рЅЦрІЏрЅх:-10рЇЇрѕг #Madeinethiopia #CleaningSplices #GroceryAndGourmet #Ethiopian #Marketplace #BuyEthiopia
@helloomarketethiopia,4556,2025-05-06T14:09:52+00:00,"рЅарЅ░рІІрЅа рІ▓рІЏрІГріЋ рѕѕріарІФрІФрІЮ рѕЮрЅ╣ ріерЅєрІ│ рІерЅ░рѕ░рѕФ рІерѕ┤рЅХрЅй рЅдрѕГрѕ│ рѕѕрѕЏрІўрІЮ 0974312223 рІГрІ░рІЇрѕЅ рІѕрІГрѕЮ https://t.me/helloo_market_bot?start=011210001 рІГрїарЅђрѕЎ! 
#Madeinethiopia #WomensFashion┬а #BagsAndWallet #Ethiopian #Marketplace #BuyEthiopia",-1001403573865,2864,data/raw/media\@helloomarketethiopia_4556.jpg,,рЅарЅ░рІІрЅа рІ▓рІЏрІГріЋ рѕѕріарІФрІФрІЮ рѕЮрЅ╣ ріерЅєрІ│ рІерЅ░рѕ░рѕФ рІерѕ┤рЅХрЅй рЅдрѕГрѕ│ рѕѕрѕЏрІўрІЮ 0974312223 рІГрІ░рІЇрѕЅ рІѕрІГрѕЮ https://t.me/helloo_market_bot?start=011210001 рІГрїарЅђрѕЎ #Madeinethiopia #WomensFashion #BagsAndWallet #Ethiopian #Marketplace #BuyEthiopia
@helloomarketethiopia,4555,2025-04-29T14:27:59+00:00,"рЅарЅ░рѕѕрІФрІе рЅђрѕѕрѕЮ рѕѕрѕ┤рЅх рѕЇрїє рІерѕѕрѕірЅх рѕЇрЅЦрѕх┬арѕѕрѕЏрІўрІЮ 0974312223 рІГрІ░рІЇрѕЅ рІѕрІГрѕЮ https://t.me/helloo_market_bot?start=004010130 рІГрїарЅђрѕЎ! 
ріЦрІхрѕю: 2- 9 
рЅђрѕѕрѕЮрЇА рЅАріњ ріЦріЊ┬а рѕ«рІЮ 
#Madeinethiopia #KidsFashion #Ethiopian #Marketplace #BuyEthiopia",-1001403573865,3903,data/raw/media\@helloomarketethiopia_4555.jpg,,рЅарЅ░рѕѕрІФрІе рЅђрѕѕрѕЮ рѕѕрѕ┤рЅх рѕЇрїє рІерѕѕрѕірЅх рѕЇрЅЦрѕх рѕѕрѕЏрІўрІЮ 0974312223 рІГрІ░рІЇрѕЅ рІѕрІГрѕЮ https://t.me/helloo_market_bot?start=004010130 рІГрїарЅђрѕЎ ріЦрІхрѕю: 2- 9 рЅђрѕѕрѕЮрЇА рЅАріњ ріЦріЊ рѕ«рІЮ #Madeinethiopia #KidsFashion #Ethiopian #Marketplace #BuyEthiopia
@helloomarketethiopia,4554,2025-04-29T07:02:37+00:00,"рѕѕрЅцрЅХ ріарѕЇрІФрѕЮ рѕѕрѕўрѕхрѕфрІФ рЅдрЅ│рІј рІ░рѕерЅЁ рЅєрѕ╗рѕ╗ рѕЏрїарѕФрЅђрѕџрІФ  рѕѕрѕЏрІўрІЮ 8420 рІГрІ░рІЇрѕЅ рІѕрІГрѕЮ https://t.me/helloo_market_bot?start=155010001 рІГрїарЅђрѕЎ! 
рЅЂрїЦрѕГрЇд 32* 50 рѕ▓рѕю
#Madeinethiopia #CleaningSplices #GroceryAndGourmet #Ethiopian #Marketplace #BuyEthiopia",-1001403573865,3450,data/raw/media\@helloomarketethiopia_4554.jpg,,рѕѕрЅцрЅХ ріарѕЇрІФрѕЮ рѕѕрѕўрѕхрѕфрІФ рЅдрЅ│рІј рІ░рѕерЅЁ рЅєрѕ╗рѕ╗ рѕЏрїарѕФрЅђрѕџрІФ рѕѕрѕЏрІўрІЮ 8420 рІГрІ░рІЇрѕЅ рІѕрІГрѕЮ https://t.me/helloo_market_bot?start=155010001 рІГрїарЅђрѕЎ рЅЂрїЦрѕГ 32* 50 рѕ▓рѕю #Madeinethiopia #CleaningSplices #GroceryAndGourmet #Ethiopian #Marketplace #BuyEthiopia
@helloomarketethiopia,4553,2025-04-25T11:05:23+00:00,"рІўріЊрїГ рІерІѕріЋрІХрЅй рѕЎрѕЅ рІерѕѕрѕірЅх рѕЇрЅЦрѕх рЅарЅ░рѕѕрІФрІЕ рЅђрѕѕрѕЏрЅх рѕѕрѕЏрІўрІЮ 8420 рІГрІ░рІЇрѕЅ рІѕрІГрѕЮ https://t.me/helloo_market_bot?start=124110003 рІГрїарЅђрѕЎ! 
Free Size 
#Madeinethiopia #MensFashion #MensCloth #Ethiopian #Marketplace #BuyEthiopia",-1001403573865,3644,data/raw/media\@helloomarketethiopia_4553.jpg,,рІўріЊрїГ рІерІѕріЋрІХрЅй рѕЎрѕЅ рІерѕѕрѕірЅх рѕЇрЅЦрѕх рЅарЅ░рѕѕрІФрІЕ рЅђрѕѕрѕЏрЅх рѕѕрѕЏрІўрІЮ 8420 рІГрІ░рІЇрѕЅ рІѕрІГрѕЮ https://t.me/helloo_market_bot?start=124110003 рІГрїарЅђрѕЎ Free Size #Madeinethiopia #MensFashion #MensCloth #Ethiopian #Marketplace #BuyEthiopia
@helloomarketethiopia,4552,2025-04-24T13:34:47+00:00,"рѕЂрѕѕрЅх рѕ▓рїѕрІЎ 5% рЅЁріЊрѕй 
рѕЎрѕЅ рЅарѕЎрѕЅ рІерѕўріЮрЅ│ рЅцрЅхрІјріЋ рІЇрЅарЅх рІерѕџрїерѕЮрѕГ ріаріљрѕХрѕІ рѕѕрѕЏрІўрІЮ 8420 рІГрІ░рІЇрѕЅ рІѕрІГрѕЮ https://t.me/helloo_market_bot?start=175610010 рІГрїарЅђрѕЎ! 
рѕўрїаріЋ: 2.40 * 1.75
рЅЦрІЏрЅх: рѕЂрѕѕрЅх ріаріЋрѕХрѕІ ріЦріЊ рѕЂрѕѕрЅх рІерЅ░рѕФрѕх рѕЇрЅЦрѕх
#Madeinethiopia #Bedding #Ethiopian #Marketplace #BuyEthiopia",-1001403573865,3662,data/raw/media\@helloomarketethiopia_4552.jpg,,рѕЂрѕѕрЅх рѕ▓рїѕрІЎ 5% рЅЁріЊрѕй рѕЎрѕЅ рЅарѕЎрѕЅ рІерѕўріЮрЅ│ рЅцрЅхрІјріЋ рІЇрЅарЅх рІерѕџрїерѕЮрѕГ ріаріљрѕХрѕІ рѕѕрѕЏрІўрІЮ 8420 рІГрІ░рІЇрѕЅ рІѕрІГрѕЮ https://t.me/helloo_market_bot?start=175610010 рІГрїарЅђрѕЎ рѕўрїаріЋ: 2.40 * 1.75 рЅЦрІЏрЅх: рѕЂрѕѕрЅх ріаріЋрѕХрѕІ ріЦріЊ рѕЂрѕѕрЅх рІерЅ░рѕФрѕх рѕЇрЅЦрѕх #Madeinethiopia #Bedding #Ethiopian #Marketplace #BuyEthiopia
@helloomarketethiopia,4551,2025-04-22T13:51:19+00:00,"рЅђрѕІрѕЇ ріЦріЊ рѕЮрЅ╣ рѕѕрІЮріЊрЅЦ рІѕрЅЁрЅх рЅ░рѕхрѕЏрѕџ рІерІѕріЋрІХрЅй рЅєрІ│ рїФрѕЏ┬арѕѕрѕЏрІўрІЮ 0974312223 рІГрІ░рІЇрѕЅ рІѕрІГрѕЮ https://t.me/helloo_market_bot?start=125610001 рІГрїарЅђрѕЎ! 
#Madeinethiopia #MensShoe #Ethiopian #Marketplace #BuyEthiopia",-1001403573865,3546,data/raw/media\@helloomarketethiopia_4551.jpg,,рЅђрѕІрѕЇ ріЦріЊ рѕЮрЅ╣ рѕѕрІЮріЊрЅЦ рІѕрЅЁрЅх рЅ░рѕхрѕЏрѕџ рІерІѕріЋрІХрЅй рЅєрІ│ рїФрѕЏ рѕѕрѕЏрІўрІЮ 0974312223 рІГрІ░рІЇрѕЅ рІѕрІГрѕЮ https://t.me/helloo_market_bot?start=125610001 рІГрїарЅђрѕЎ #Madeinethiopia #MensShoe #Ethiopian #Marketplace #BuyEthiopia
@helloomarketethiopia,4550,2025-04-18T12:29:16+00:00,"рѕўрѕЇріФрѕЮ рІерѕхрЅђрѕѕрЅх рЅарІЊрѕЇ рІГрѕЂріЋрѕЇрІј рѕѕрѕЏрІўрІЮ 0974312223┬а рІГрІ░рІЇрѕЅ рІѕрІГрѕЮ www.helloomarket.com рІГрїарЅђрѕЎ! 
#Madeinethiopia #Ethiopian #Marketplace #BuyEthiopia",-1001403573865,4003,data/raw/media\@helloomarketethiopia_4550.jpg,,рѕўрѕЇріФрѕЮ рІерѕхрЅђрѕѕрЅх рЅарІЊрѕЇ рІГрѕЂріЋрѕЇрІј рѕѕрѕЏрІўрІЮ 0974312223 рІГрІ░рІЇрѕЅ рІѕрІГрѕЮ www.helloomarket.com рІГрїарЅђрѕЎ #Madeinethiopia #Ethiopian #Marketplace #BuyEthiopia
@helloomarketethiopia,4549,2025-04-17T10:44:51+00:00,"рѕѕрЅцрЅхрІј рІ░рѕЮрЅђрЅх рІерѕџрїерѕЮрѕЕ рѕ╗рѕЏрІјрЅй рЅарЅ░рѕѕрІФрІе рѕўрїаріЋ ріЦріЊ рЅђрѕѕрѕЮ┬арѕѕрѕЏрІўрІЮ 0974312223 рІГрІ░рІЇрѕЅ рІѕрІГрѕЮ
https://t.me/helloo_market_bot?start=020010001
https://t.me/helloo_market_bot?start=020010002 
https://t.me/helloo_market_bot?start=020010003  рІГрїарЅђрѕЎ! 
#Madeinethiopia #HomeDecor #Candles #Ethiopian #Marketplace #BuyEthiopia",-1001403573865,3797,data/raw/media\@helloomarketethiopia_4549.jpg,,рѕѕрЅцрЅхрІј рІ░рѕЮрЅђрЅх рІерѕџрїерѕЮрѕЕ рѕ╗рѕЏрІјрЅй рЅарЅ░рѕѕрІФрІе рѕўрїаріЋ ріЦріЊ рЅђрѕѕрѕЮ рѕѕрѕЏрІўрІЮ 0974312223 рІГрІ░рІЇрѕЅ рІѕрІГрѕЮ https://t.me/helloo_market_bot?start=020010001 https://t.me/helloo_market_bot?start=020010002 https://t.me/helloo_market_bot?start=020010003 рІГрїарЅђрѕЎ #Madeinethiopia #HomeDecor #Candles #Ethiopian #Marketplace #BuyEthiopia
@helloomarketethiopia,4548,2025-04-16T10:56:31+00:00,"рІерѕЇрїєрЅй рІѕрЅЦ рЅБрѕЏрѕе рІ▓рІЏрІГріЋ рІерЅ░рѕ░рѕФ рЅђрѕџрѕх рѕѕрѕЏрІўрІЮ 0974312223 рІГрІ░рІЇрѕЅ рІѕрІГрѕЮ https://t.me/helloo_market_bot?start=176010001 рІГрїарЅђрѕЎ! 
рѕўрїаріЋ: S: L ріЦріЊ M
#Madeinethiopia #Kids #KidsFashion #Ethiopian #Marketplace #BuyEthiopia",-1001403573865,3639,data/raw/media\@helloomarketethiopia_4548.jpg,,рІерѕЇрїєрЅй рІѕрЅЦ рЅБрѕЏрѕе рІ▓рІЏрІГріЋ рІерЅ░рѕ░рѕФ рЅђрѕџрѕх рѕѕрѕЏрІўрІЮ 0974312223 рІГрІ░рІЇрѕЅ рІѕрІГрѕЮ https://t.me/helloo_market_bot?start=176010001 рІГрїарЅђрѕЎ рѕўрїаріЋ: S: L ріЦріЊ M #Madeinethiopia #Kids #KidsFashion #Ethiopian #Marketplace #BuyEthiopia
@helloomarketethiopia,4547,2025-04-15T12:12:11+00:00,"ріЦріЋрІ▓рѕЁ рІхрѕЮрЅЁ рЅБрѕѕ рЅБрѕЁрѕІрІі рІерѕ┤рЅХрЅй ріарѕІрЅБрѕй┬а рѕѕрѕЏрІўрІЮ 0974312223 рІГрІ░рІЇрѕЅ рІѕрІГрѕЮ https://t.me/helloo_market_bot?start=102533 рІГрїарЅђрѕЎ! 
#Madeinethiopia #WomensFashion #WomensCloth #Ethiopian #Marketplace #BuyEthiopia",-1001403573865,3663,data/raw/media\@helloomarketethiopia_4547.jpg,,ріЦріЋрІ▓рѕЁ рІхрѕЮрЅЁ рЅБрѕѕ рЅБрѕЁрѕІрІі рІерѕ┤рЅХрЅй ріарѕІрЅБрѕй рѕѕрѕЏрІўрІЮ 0974312223 рІГрІ░рІЇрѕЅ рІѕрІГрѕЮ https://t.me/helloo_market_bot?start=102533 рІГрїарЅђрѕЎ #Madeinethiopia #WomensFashion #WomensCloth #Ethiopian #Marketplace #BuyEthiopia
@helloomarketethiopia,4546,2025-04-13T13:30:30+00:00,"рѕѕрѕЏрІўрІЮ 8420 рІГрІ░рІЇрѕЅ: Call 8420 to order 
РЌЈ рІерѕџрІФрѕЮрѕЕ рІерѕ┤рЅХрЅй рЅБрѕЁрѕІрІі ріарѕІрЅБрѕй рЅарЅ░рѕѕрІФрІе ріЋрІхрЇЇ рІГрІўрІЎ! 
­ЪЊїрѕѕрѕЏрІўрІЮ ріерЅ│рЅй рІФрѕѕрІЇріЋ рѕіріЋріГ рІГрїарЅђрѕЎ!
https://t.me/helloo_market_bot?start=016110027
 РЌЈOrder traditional beautiful womenРђЎs top with a different design!
­ЪЊїto order use the link below!
https://t.me/helloo_market_bot?start=016110027
РЌЈ рІерѕЃрѕјрѕЏрѕГрігрЅх ріарЅЁрѕФрЅб рѕєріљрІЇ рІГрѕўрІЮрїѕрЅА! рІФрѕѕрѕЏрѕхрІФрІБрІФ рЅарЅ░рѕўрЅ╗рЅИрѕјрЅх рІерЅЦрІхрѕГ ріарїѕрѕЇрїЇрѕјрЅх рЅ░рїарЅЃрѕџ рІГрѕЂріЉ!  #TraditionalFashion",-1001403573865,3483,data/raw/media\@helloomarketethiopia_4546.jpg,,рѕѕрѕЏрІўрІЮ 8420 рІГрІ░рІЇрѕЅ: Call 8420 to order РЌЈ рІерѕџрІФрѕЮрѕЕ рІерѕ┤рЅХрЅй рЅБрѕЁрѕІрІі ріарѕІрЅБрѕй рЅарЅ░рѕѕрІФрІе ріЋрІхрЇЇ рІГрІўрІЎ ­ЪЊїрѕѕрѕЏрІўрІЮ ріерЅ│рЅй рІФрѕѕрІЇріЋ рѕіріЋріГ рІГрїарЅђрѕЎ https://t.me/helloo_market_bot?start=016110027 РЌЈOrder traditional beautiful womenРђЎs top with a different design ­ЪЊїto order use the link below https://t.me/helloo_market_bot?start=016110027 РЌЈ рІерѕЃрѕјрѕЏрѕГрігрЅх ріарЅЁрѕФрЅб рѕєріљрІЇ рІГрѕўрІЮрїѕрЅА рІФрѕѕрѕЏрѕхрІФрІБрІФ рЅарЅ░рѕўрЅ╗рЅИрѕјрЅх рІерЅЦрІхрѕГ ріарїѕрѕЇрїЇрѕјрЅх рЅ░рїарЅЃрѕџ рІГрѕЂріЉ #TraditionalFashion
@helloomarketethiopia,4545,2025-04-12T09:26:31+00:00,,-1001403573865,4026,data/raw/media\@helloomarketethiopia_4545.jpg,,
@helloomarketethiopia,4544,2025-04-12T09:26:31+00:00,,-1001403573865,4809,data/raw/media\@helloomarketethiopia_4544.jpg,,
@helloomarketethiopia,4543,2025-04-12T09:26:31+00:00,,-1001403573865,3643,data/raw/media\@helloomarketethiopia_4543.jpg,,
@helloomarketethiopia,4542,2025-04-12T09:26:31+00:00,,-1001403573865,3227,data/raw/media\@helloomarketethiopia_4542.jpg,,
@helloomarketethiopia,4541,2025-04-12T09:26:31+00:00,,-1001403573865,3115,data/raw/media\@helloomarketethiopia_4541.jpg,,
@helloomarketethiopia,4540,2025-04-12T09:26:31+00:00,"ріЦріЋрІ░рїѕріЊ ріЦріЋрЅ░рІІрІѕрЅЁ рЅарІГрЇІ рїђрѕЮрѕ»рѕЇ! ­ЪЉІ­ЪЈй
ріЦрѕхріе 11:30 рІхрѕерѕх  рІГрѕЮрїА ріЦріЊ рІГрЅђрѕІрЅђрѕЅрЇБ рІГрѕЁ ріЦрІхрѕЇ ріЦріЋрІ│рІФрѕўрѕЇрїЦрІј!

#HellooMarket",-1001403573865,2552,data/raw/media\@helloomarketethiopia_4540.jpg,,ріЦріЋрІ░рїѕріЊ ріЦріЋрЅ░рІІрІѕрЅЁ рЅарІГрЇІ рїђрѕЮрѕ»рѕЇ ­ЪЉІ­ЪЈй ріЦрѕхріе 11:30 рІхрѕерѕх рІГрѕЮрїА ріЦріЊ рІГрЅђрѕІрЅђрѕЅ рІГрѕЁ ріЦрІхрѕЇ ріЦріЋрІ│рІФрѕўрѕЇрїЦрІј #HellooMarket
@helloomarketethiopia,4539,2025-04-11T09:16:09+00:00,"рЅђріЉ рІ░рѕерѕ░! ­Ъџе ріљрїѕ рЅарѕЃрІФрЅх рѕфрїђріЋрѕ▓ рѕєрЅ┤рѕЇ ріерїарІІрЅ▒ ріарѕФрЅх рѕ░рІЊрЅх рѕІрІГ! рѕўрїЇрЅбрІФ рЅаріљрЇЃ

­ЪЉЅ­ЪЈЙ ріљрї╗ рѕЮрІЮрїѕрЅБ: https://www.eventbrite.com/e/1296080273989?aff=oddtdtcreator

ріЦріЋрІ░рїѕріЊ ріЦріЋрЅ░рІІрІѕрЅЁ! ріЋрїЇрІхрІјріЋ рѕѕрѕЏрѕ│рІ░рїЇ рІГрѕЁ ріЦрІхрѕЇ ріЦріЋрІ│рІФрѕўрѕЇрїЦрІјрЅх!
­ЪЊЁ рѕџрІФрІЮрІФ 4/2017
­ЪЊї рЅарѕЃрІФрЅх рѕфрїђріЋрѕ▓ рѕєрЅ┤рѕЇ (Hyatt Regency Hotel)
РЈ░ ріерїарІІрЅ▒ 4 рѕ░ріарЅх рѕІрІГ!

#HellooMarket",-1001403573865,2980,data/raw/media\@helloomarketethiopia_4539.jpg,,рЅђріЉ рІ░рѕерѕ░ ­Ъџе ріљрїѕ рЅарѕЃрІФрЅх рѕфрїђріЋрѕ▓ рѕєрЅ┤рѕЇ ріерїарІІрЅ▒ ріарѕФрЅх рѕ░рІЊрЅх рѕІрІГ рѕўрїЇрЅбрІФ рЅаріљрЇЃ ­ЪЉЅ­ЪЈЙ ріљрї╗ рѕЮрІЮрїѕрЅБ: https://www.eventbrite.com/e/1296080273989?aff=oddtdtcreator ріЦріЋрІ░рїѕріЊ ріЦріЋрЅ░рІІрІѕрЅЁ ріЋрїЇрІхрІјріЋ рѕѕрѕЏрѕ│рІ░рїЇ рІГрѕЁ ріЦрІхрѕЇ ріЦріЋрІ│рІФрѕўрѕЇрїЦрІјрЅх ­ЪЊЁ рѕџрІФрІЮрІФ 4/2017 ­ЪЊї рЅарѕЃрІФрЅх рѕфрїђріЋрѕ▓ рѕєрЅ┤рѕЇ (Hyatt Regency Hotel) РЈ░ ріерїарІІрЅ▒ 4 рѕ░ріарЅх рѕІрІГ #HellooMarket
@helloomarketethiopia,4538,2025-04-10T08:58:08+00:00,"8420 рѕІрІГ рЅарѕўрІ░рІѕрѕЇ рІѕрІГрѕЮ рѕўрѕЇрІЋріГрЅх рЅарѕўрѕІріГ 100% ріерїЦрїЦ рІерЅ░рѕ░рѕФ рІўрѕўріЊрІі рѕѕрѕЂрѕѕрЅ▒рѕЮ рїЙрЅ│ рІерѕџрѕєріЋ рѕ╣рѕФрЅЦ рІГрІўрІЎ!
рЅђрѕѕрѕЮ: рїЇрѕФрїФ рЅарїЦрЅЂрѕГ  ріЦріЊ ріГрѕгрѕЮ
ріерЅ│рЅй рІФрѕѕрІЇріЋ рІерЅ┤рѕїрїЇрѕФрѕЮ рЅдрЅх ріЦріЋрІ░ріарѕЏрѕФрїГ рѕЏрІўрІБ рІГрїарЅђрѕЎ
https://t.me/helloo_market_bot?start=124110001
РЌЈ рІерЅ░рѕѕрІФрІЕ рІЋрЅЃрІјрЅй рЅаріаріЋрІ┤ рѕ▓рѕИрѕЮрЅ▒ рІФрѕѕрЅ░рїерѕЏрѕф рѕЏрІхрѕерѕ╗ рІІрїІ ріФрѕЅрЅарЅх ріЦріЊрІ░рѕГрѕ│рѕѕріЋ!
Call 8420 or SMS to order a 100% cotton, comfortable and stylish unisex hoodie! 
Color: Light gray with black and cream
Or click our telegram bot link below
https://t.me/helloo_market_bot?start=124110001
РЌЈ Order multiple items with the same delivery price! #WomensFashion #MensFashion",-1001403573865,2755,data/raw/media\@helloomarketethiopia_4538.jpg,,"8420 рѕІрІГ рЅарѕўрІ░рІѕрѕЇ рІѕрІГрѕЮ рѕўрѕЇрІЋріГрЅх рЅарѕўрѕІріГ 100% ріерїЦрїЦ рІерЅ░рѕ░рѕФ рІўрѕўріЊрІі рѕѕрѕЂрѕѕрЅ▒рѕЮ рїЙрЅ│ рІерѕџрѕєріЋ рѕ╣рѕФрЅЦ рІГрІўрІЎ рЅђрѕѕрѕЮ: рїЇрѕФрїФ рЅарїЦрЅЂрѕГ ріЦріЊ ріГрѕгрѕЮ ріерЅ│рЅй рІФрѕѕрІЇріЋ рІерЅ┤рѕїрїЇрѕФрѕЮ рЅдрЅх ріЦріЋрІ░ріарѕЏрѕФрїГ рѕЏрІўрІБ рІГрїарЅђрѕЎ https://t.me/helloo_market_bot?start=124110001 РЌЈ рІерЅ░рѕѕрІФрІЕ рІЋрЅЃрІјрЅй рЅаріаріЋрІ┤ рѕ▓рѕИрѕЮрЅ▒ рІФрѕѕрЅ░рїерѕЏрѕф рѕЏрІхрѕерѕ╗ рІІрїІ ріФрѕЅрЅарЅх ріЦріЊрІ░рѕГрѕ│рѕѕріЋ Call 8420 or SMS to order a 100% cotton, comfortable and stylish unisex hoodie Color: Light gray with black and cream Or click our telegram bot link below https://t.me/helloo_market_bot?start=124110001 РЌЈ Order multiple items with the same delivery price #WomensFashion #MensFashion"
@helloomarketethiopia,4537,2025-04-09T16:26:04+00:00,,-1001403573865,2654,data/raw/media\@helloomarketethiopia_4537.jpg,,
@helloomarketethiopia,4536,2025-04-09T16:26:04+00:00,"рІГрїарЅђрѕЏрѕЅ рЅЦрѕѕрІЇ рѕѕрѕЮрЅ│рѕхрЅДрЅИрІЇ ріарѕЂріЉріЉ рѕІріЕрѕІрЅИрІЇ! ­ЪјЅ рѕХрѕхрЅх рЅђріЊрЅх рЅЦрЅ╗ рЅђрѕЕрЅх!

­ЪЉЅ­ЪЈЙ ріљрї╗ рѕЮрІЮрїѕрЅБ: https://www.eventbrite.com/e/1296080273989?aff=oddtdtcreator

ріЦріЋрІ░рїѕріЊ ріЦріЋрЅ░рІІрІѕрЅЁ! ріЋрїЇрІхрІјріЋ рѕѕрѕЏрѕ│рІ░рїЇ рІГрѕЁ ріЦрІхрѕЇ ріЦріЋрІ│рІФрѕўрѕЇрїЦрІјрЅх!
­ЪЊЁ рѕџрІФрІЮрІФ 4/2017
­ЪЊї рЅарѕЃрІФрЅх рѕфрїђріЋрѕ▓ рѕєрЅ┤рѕЇ (Hyatt Regency Hotel)
РЈ░ ріерїарІІрЅ▒ 4 рѕ░ріарЅх рѕІрІГ!

#HellooMarket",-1001403573865,2760,data/raw/media\@helloomarketethiopia_4536.jpg,,рІГрїарЅђрѕЏрѕЅ рЅЦрѕѕрІЇ рѕѕрѕЮрЅ│рѕхрЅДрЅИрІЇ ріарѕЂріЉріЉ рѕІріЕрѕІрЅИрІЇ ­ЪјЅ рѕХрѕхрЅх рЅђріЊрЅх рЅЦрЅ╗ рЅђрѕЕрЅх ­ЪЉЅ­ЪЈЙ ріљрї╗ рѕЮрІЮрїѕрЅБ: https://www.eventbrite.com/e/1296080273989?aff=oddtdtcreator ріЦріЋрІ░рїѕріЊ ріЦріЋрЅ░рІІрІѕрЅЁ ріЋрїЇрІхрІјріЋ рѕѕрѕЏрѕ│рІ░рїЇ рІГрѕЁ ріЦрІхрѕЇ ріЦріЋрІ│рІФрѕўрѕЇрїЦрІјрЅх ­ЪЊЁ рѕџрІФрІЮрІФ 4/2017 ­ЪЊї рЅарѕЃрІФрЅх рѕфрїђріЋрѕ▓ рѕєрЅ┤рѕЇ (Hyatt Regency Hotel) РЈ░ ріерїарІІрЅ▒ 4 рѕ░ріарЅх рѕІрІГ #HellooMarket
@helloomarketethiopia,4535,2025-04-09T13:25:24+00:00,,-1001403573865,2499,data/raw/media\@helloomarketethiopia_4535.jpg,,
@helloomarketethiopia,4534,2025-04-09T13:25:24+00:00,,-1001403573865,2767,data/raw/media\@helloomarketethiopia_4534.jpg,,
@helloomarketethiopia,4533,2025-04-09T13:25:24+00:00,"ріарІјрЇЦ рЅЦрѕГ рѕ│рІГрІФрІЮрЅБрЅйрѕЂ рЅарІ▒рЅц рѕйрїА! ­Ъў» рІГрѕЁріЋ рѕЇрІЕ рѕўрЅ░рїЇрЅарѕфрІФ ріарѕ░рѕФрѕГ рЅЁрІ│рѕю рѕўрЅ░рІЇ рІГрѕўрѕЇріерЅ▒рЇб рІФрІўрїІрїЁріЋрѕІрЅйрѕЂріЋ рѕхрїдрЅ│ рЅ│рїѕріЊрѕІрЅйрѕЂ! ­ЪјЂ
­ЪЉЅ­ЪЈЙ ріљрї╗ рѕЮрІЮрїѕрЅБ: https://www.eventbrite.com/e/1296080273989?aff=oddtdtcreator
ріЦріЋрІ░рїѕріЊ ріЦріЋрЅ░рІІрІѕрЅЁ! ріЋрїЇрІхрІјріЋ рѕѕрѕЏрѕ│рІ░рїЇ рІГрѕЁ ріЦрІхрѕЇ ріЦріЋрІ│рІФрѕўрѕЇрїЦрІјрЅх!
­ЪЊЁ рѕџрІФрІЮрІФ 4/2017
­ЪЊї рЅарѕЃрІФрЅх рѕфрїђріЋрѕ▓ рѕєрЅ┤рѕЇ (Hyatt Regency Hotel)
РЈ░ ріерїарІІрЅ▒ 4 рѕ░ріарЅх рѕІрІГ!
#HellooMarket",-1001403573865,2208,data/raw/media\@helloomarketethiopia_4533.jpg,,ріарІј рЅЦрѕГ рѕ│рІГрІФрІЮрЅБрЅйрѕЂ рЅарІ▒рЅц рѕйрїА ­Ъў» рІГрѕЁріЋ рѕЇрІЕ рѕўрЅ░рїЇрЅарѕфрІФ ріарѕ░рѕФрѕГ рЅЁрІ│рѕю рѕўрЅ░рІЇ рІГрѕўрѕЇріерЅ▒ рІФрІўрїІрїЁріЋрѕІрЅйрѕЂріЋ рѕхрїдрЅ│ рЅ│рїѕріЊрѕІрЅйрѕЂ ­ЪјЂ ­ЪЉЅ­ЪЈЙ ріљрї╗ рѕЮрІЮрїѕрЅБ: https://www.eventbrite.com/e/1296080273989?aff=oddtdtcreator ріЦріЋрІ░рїѕріЊ ріЦріЋрЅ░рІІрІѕрЅЁ ріЋрїЇрІхрІјріЋ рѕѕрѕЏрѕ│рІ░рїЇ рІГрѕЁ ріЦрІхрѕЇ ріЦріЋрІ│рІФрѕўрѕЇрїЦрІјрЅх ­ЪЊЁ рѕџрІФрІЮрІФ 4/2017 ­ЪЊї рЅарѕЃрІФрЅх рѕфрїђріЋрѕ▓ рѕєрЅ┤рѕЇ (Hyatt Regency Hotel) РЈ░ ріерїарІІрЅ▒ 4 рѕ░ріарЅх рѕІрІГ #HellooMarket
@helloomarketethiopia,4532,2025-04-09T11:09:29+00:00,рІГрїарЅђрѕЏрѕЅ рЅЦрѕѕрІЇ рѕѕрѕЮрЅ│рѕхрЅДрЅИрІЇ ріарѕЂріЉріЉ рѕІріЕрѕІрЅИрІЇ! ­ЪјЅ рѕХрѕхрЅх рЅђріЊрЅх рЅЦрЅ╗ рЅђрѕЕрЅх!,-1001403573865,2510,,,рІГрїарЅђрѕЏрѕЅ рЅЦрѕѕрІЇ рѕѕрѕЮрЅ│рѕхрЅДрЅИрІЇ ріарѕЂріЉріЉ рѕІріЕрѕІрЅИрІЇ ­ЪјЅ рѕХрѕхрЅх рЅђріЊрЅх рЅЦрЅ╗ рЅђрѕЕрЅх
@helloomarketethiopia,4531,2025-04-09T10:50:39+00:00,"ріерїЦрїЦ рІерЅ░рѕ░рѕФ рѕЮрЅ╣ рЇц рѕѕрѕхрѕІрѕ│ ріЦріЊ рЅ░ріЋрЅђрѕ│рЅЃрѕй рІерѕЇрїєрЅй ріарѕЇрїІ ріеріљрЅхрѕФрѕ▒ рЅарЅ░рѕѕрІФрІе рЅђрѕѕрѕЮ ріЦріЊ ріЋрІхрЇЇ рѕѕрѕЏрІўрІЮ 0974312223 рІГрІ░рІЇрѕЅ рІѕрІГрѕЮ https://t.me/helloo_market_bot?start=098810001 рІГрїарЅђрѕЎ! 
#Madeinethiopia #Kids #pillow #Ethiopian #Marketplace #BuyEthiopia",-1001403573865,2628,data/raw/media\@helloomarketethiopia_4531.jpg,,ріерїЦрїЦ рІерЅ░рѕ░рѕФ рѕЮрЅ╣ рѕѕрѕхрѕІрѕ│ ріЦріЊ рЅ░ріЋрЅђрѕ│рЅЃрѕй рІерѕЇрїєрЅй ріарѕЇрїІ ріеріљрЅхрѕФрѕ▒ рЅарЅ░рѕѕрІФрІе рЅђрѕѕрѕЮ ріЦріЊ ріЋрІхрЇЇ рѕѕрѕЏрІўрІЮ 0974312223 рІГрІ░рІЇрѕЅ рІѕрІГрѕЮ https://t.me/helloo_market_bot?start=098810001 рІГрїарЅђрѕЎ #Madeinethiopia #Kids #pillow #Ethiopian #Marketplace #BuyEthiopia
@helloomarketethiopia,4530,2025-04-08T11:44:21+00:00,"рЅарЅ░рѕѕрІФрІе рІерЅђрѕѕрѕЮ ріарѕЏрѕФрїГ рЅ░рїерѕЏрѕф рІЇрЅарЅх ріерѕџрѕ░рїЦ ріерѕѕрѕхрѕІрѕ│ ріЦріЊ рѕЮрЅ╣ рїерѕГрЅЁ рІерЅ░рѕ░рѕФ рІўріЊрїГ рЅ│рІГрЅх рѕѕрѕЏрІўрІЮ 0974312223 рІГрІ░рІЇрѕЅ┬арІѕрІГрѕЮ http://t.me/helloo_market_bot?start=174810008 рІГрїарЅђрѕЎ!
#Madeinethiopia #WomensFashion┬а #WomensCloth #Ethiopian #Marketplace #BuyEthiopia",-1001403573865,2589,data/raw/media\@helloomarketethiopia_4530.jpg,,рЅарЅ░рѕѕрІФрІе рІерЅђрѕѕрѕЮ ріарѕЏрѕФрїГ рЅ░рїерѕЏрѕф рІЇрЅарЅх ріерѕџрѕ░рїЦ ріерѕѕрѕхрѕІрѕ│ ріЦріЊ рѕЮрЅ╣ рїерѕГрЅЁ рІерЅ░рѕ░рѕФ рІўріЊрїГ рЅ│рІГрЅх рѕѕрѕЏрІўрІЮ 0974312223 рІГрІ░рІЇрѕЅ рІѕрІГрѕЮ http://t.me/helloo_market_bot?start=174810008 рІГрїарЅђрѕЎ #Madeinethiopia #WomensFashion #WomensCloth #Ethiopian #Marketplace #BuyEthiopia
@helloomarketethiopia,4529,2025-04-08T10:28:26+00:00,"рѕѕрѕ╗рї«рЅ╗рЅйріЋ рЅарѕЎрѕЅ ­Ъџе ріЦріЋрІ│рІФрѕўрѕЇрїБрЅйрѕЂ!

ріарІ▓рѕх рІерІ▒рЅц рѕўрЅ░рїЇрЅарѕфрІФ ріЦріЊ рѕїрѕјрЅй рІерІ▓рїѓрЅ│рѕЇ рѕўрЇЇрЅхрѕёрІјрЅйріЋ рЅаріаріФрѕЇ рѕхрѕѕрѕџрІФрѕхрЅ░рІІрІЇрЅЂріЋ рЅарЅђрїарѕ«рІЇ ріЦріЋрїѕріЊріЮрЇб ­ЪЉЇ­ЪЈй

рЅарЅђріЉ рЅарѕёрѕјрѕЏрѕГрігрЅх рЇЋрѕІрЅхрЇјрѕГрѕЮ рѕІрІГ рЅаріаріФрѕЇ ріарѕЮрїЦрЅ│рЅйрѕЂ рІерѕЮрЅ│рѕхрѕўрІўрїЇрЅДрЅИрІЇріЋ рѕЮрѕГрЅХрЅй рЅЦрЅ╗рЇц рІФрѕѕ ріарїѕрѕЇрїЇрѕјрЅх ріГрЇЇрІФ ріЦріЋрІ▓рѕИрїЦрѕІрЅйрѕЂ рѕхрѕІрѕўрЅ╗рЅИріЋ ріерѕЮрѕГрЅХрЅ╗рЅйрѕЂ рїІрѕГ рЅ░рїѕріЮрЅ│рЅйрѕЂ рЅ░рїарЅЃрѕџ рѕЂріЉ!

#HellooMarket #YenegewBazaar",-1001403573865,2318,,data/raw/media\@helloomarketethiopia_4529.mp4,рѕѕрѕ╗рї«рЅ╗рЅйріЋ рЅарѕЎрѕЅ ­Ъџе ріЦріЋрІ│рІФрѕўрѕЇрїБрЅйрѕЂ ріарІ▓рѕх рІерІ▒рЅц рѕўрЅ░рїЇрЅарѕфрІФ ріЦріЊ рѕїрѕјрЅй рІерІ▓рїѓрЅ│рѕЇ рѕўрЇЇрЅхрѕёрІјрЅйріЋ рЅаріаріФрѕЇ рѕхрѕѕрѕџрІФрѕхрЅ░рІІрІЇрЅЂріЋ рЅарЅђрїарѕ«рІЇ ріЦріЋрїѕріЊріЮ ­ЪЉЇ­ЪЈй рЅарЅђріЉ рЅарѕёрѕјрѕЏрѕГрігрЅх рЇЋрѕІрЅхрЇјрѕГрѕЮ рѕІрІГ рЅаріаріФрѕЇ ріарѕЮрїЦрЅ│рЅйрѕЂ рІерѕЮрЅ│рѕхрѕўрІўрїЇрЅДрЅИрІЇріЋ рѕЮрѕГрЅХрЅй рЅЦрЅ╗ рІФрѕѕ ріарїѕрѕЇрїЇрѕјрЅх ріГрЇЇрІФ ріЦріЋрІ▓рѕИрїЦрѕІрЅйрѕЂ рѕхрѕІрѕўрЅ╗рЅИріЋ ріерѕЮрѕГрЅХрЅ╗рЅйрѕЂ рїІрѕГ рЅ░рїѕріЮрЅ│рЅйрѕЂ рЅ░рїарЅЃрѕџ рѕЂріЉ #HellooMarket #YenegewBazaar
@helloomarketethiopia,4528,2025-04-08T09:13:33+00:00,,-1001403573865,2275,data/raw/media\@helloomarketethiopia_4528.jpg,,
@helloomarketethiopia,4527,2025-04-08T09:13:33+00:00,"ріарѕФрЅх рЅђріЊрЅх рЅђрѕЕрЅх!
рѕџрІФрІЮрІФ 4, 2017 рЅарѕЃрІФрЅх рѕфрїђріЋрѕ▓ ріе4 рѕ░рІЊрЅх рїђрѕЮрѕ« рѕёрѕј рѕЏрѕГрігрЅх ріЦріЋрІ░рїѕріЊ ріЦріЋрЅ░рІІрІѕрЅЁ рІГрѕІрЅйріІрѕЇ! ­Ъџе

­ЪЉЅ­ЪЈЙ ріљрї╗ рѕЮрІЮрїѕрЅБ: https://www.eventbrite.com/e/1296080273989?aff=oddtdtcreator

ріЦріЋрІ░рїѕріЊ ріЦріЋрЅ░рІІрІѕрЅЁ! ріЋрїЇрІхрІјріЋ рѕѕрѕЏрѕ│рІ░рїЇ рІГрѕЁ ріЦрІхрѕЇ ріЦріЋрІ│рІФрѕўрѕЇрїЦрІјрЅх!
­ЪЊЁ рѕџрІФрІЮрІФ 4/2017
­ЪЊї рЅарѕЃрІФрЅх рѕфрїђріЋрѕ▓ рѕєрЅ┤рѕЇ (Hyatt Regency Hotel)
РЈ░ ріерїарІІрЅ▒ 4 рѕ░ріарЅх рѕІрІГ!

#HellooMarket",-1001403573865,2415,data/raw/media\@helloomarketethiopia_4527.jpg,,"ріарѕФрЅх рЅђріЊрЅх рЅђрѕЕрЅх рѕџрІФрІЮрІФ 4, 2017 рЅарѕЃрІФрЅх рѕфрїђріЋрѕ▓ ріе4 рѕ░рІЊрЅх рїђрѕЮрѕ« рѕёрѕј рѕЏрѕГрігрЅх ріЦріЋрІ░рїѕріЊ ріЦріЋрЅ░рІІрІѕрЅЁ рІГрѕІрЅйріІрѕЇ ­Ъџе ­ЪЉЅ­ЪЈЙ ріљрї╗ рѕЮрІЮрїѕрЅБ: https://www.eventbrite.com/e/1296080273989?aff=oddtdtcreator ріЦріЋрІ░рїѕріЊ ріЦріЋрЅ░рІІрІѕрЅЁ ріЋрїЇрІхрІјріЋ рѕѕрѕЏрѕ│рІ░рїЇ рІГрѕЁ ріЦрІхрѕЇ ріЦріЋрІ│рІФрѕўрѕЇрїЦрІјрЅх ­ЪЊЁ рѕџрІФрІЮрІФ 4/2017 ­ЪЊї рЅарѕЃрІФрЅх рѕфрїђріЋрѕ▓ рѕєрЅ┤рѕЇ (Hyatt Regency Hotel) РЈ░ ріерїарІІрЅ▒ 4 рѕ░ріарЅх рѕІрІГ #HellooMarket"
@helloomarketethiopia,4526,2025-04-07T13:16:05+00:00,,-1001403573865,2428,data/raw/media\@helloomarketethiopia_4526.jpg,,
@helloomarketethiopia,4525,2025-04-07T13:16:04+00:00,"рІерѕЃрїѕрѕГ рІЇрѕхрїЦ ріарѕЮрѕФрЅй ріерѕєріЊрЅйрѕЂ рѕірІФрѕўрѕЇрїБрЅйрѕЂ рІерѕЏрІГрїѕрЅБ рЅђріЋ!
рѕџрІФрІЮрІФ 4, 2017 рЅарѕЃрІФрЅх рѕфрїђріЋрѕ▓ ріе4 рѕ░рІЊрЅх рїђрѕЮрѕ« рѕёрѕј рѕЏрѕГрігрЅх ріЦріЋрІ░рїѕріЊ ріЦріЋрЅ░рІІрІѕрЅЁ рІГрѕІрЅйріІрѕЇ! ­Ъџе

ріарІ▓рѕ▒ріЋ рІерІ▒рЅц рѕўрЅ░рїЇрЅарѕфрІФрЅйріЋріЋ ріерѕїрѕјрЅй рІ▓рїѓрЅ│рѕЇ рѕўрЇЇрЅхрѕёрІјрЅй рїІрѕГ рЅаріаріФрѕЇ рѕЇріЊрѕхрЅ░рІІрІЇрЅЃрЅйрѕЂ рЅђрїарѕ« рІГрІўріЊрѕЇрЇб ­ЪЉЇ­ЪЈй

рЅарЅђріЉ рЅарѕёрѕјрѕЏрѕГрігрЅх рЇЋрѕІрЅхрЇјрѕГрѕЮ рѕІрІГ рЅаріаріФрѕЇ ріарѕЮрїЦрЅ│рЅйрѕЂ рІерѕЮрЅ│рѕхрѕўрІўрїЇрЅДрЅИрІЇріЋ рѕЮрѕГрЅХрЅй рЅЦрЅ╗рЇц рІФрѕѕ ріарїѕрѕЇрїЇрѕјрЅх ріГрЇЇрІФ ріЦріЋрІ▓рѕИрїЦрѕІрЅйрѕЂ рѕхрѕІрѕўрЅ╗рЅИріЋ ріерѕЮрѕГрЅХрЅ╗рЅйрѕЂ рїІрѕГ рЅ░рїѕріЮрЅ│рЅйрѕЂ рЅ░рїарЅЃрѕџ рѕЂріЉ!

#HellooMarket",-1001403573865,2533,data/raw/media\@helloomarketethiopia_4525.jpg,,"рІерѕЃрїѕрѕГ рІЇрѕхрїЦ ріарѕЮрѕФрЅй ріерѕєріЊрЅйрѕЂ рѕірІФрѕўрѕЇрїБрЅйрѕЂ рІерѕЏрІГрїѕрЅБ рЅђріЋ рѕџрІФрІЮрІФ 4, 2017 рЅарѕЃрІФрЅх рѕфрїђріЋрѕ▓ ріе4 рѕ░рІЊрЅх рїђрѕЮрѕ« рѕёрѕј рѕЏрѕГрігрЅх ріЦріЋрІ░рїѕріЊ ріЦріЋрЅ░рІІрІѕрЅЁ рІГрѕІрЅйріІрѕЇ ­Ъџе ріарІ▓рѕ▒ріЋ рІерІ▒рЅц рѕўрЅ░рїЇрЅарѕфрІФрЅйріЋріЋ ріерѕїрѕјрЅй рІ▓рїѓрЅ│рѕЇ рѕўрЇЇрЅхрѕёрІјрЅй рїІрѕГ рЅаріаріФрѕЇ рѕЇріЊрѕхрЅ░рІІрІЇрЅЃрЅйрѕЂ рЅђрїарѕ« рІГрІўріЊрѕЇ ­ЪЉЇ­ЪЈй рЅарЅђріЉ рЅарѕёрѕјрѕЏрѕГрігрЅх рЇЋрѕІрЅхрЇјрѕГрѕЮ рѕІрІГ рЅаріаріФрѕЇ ріарѕЮрїЦрЅ│рЅйрѕЂ рІерѕЮрЅ│рѕхрѕўрІўрїЇрЅДрЅИрІЇріЋ рѕЮрѕГрЅХрЅй рЅЦрЅ╗ рІФрѕѕ ріарїѕрѕЇрїЇрѕјрЅх ріГрЇЇрІФ ріЦріЋрІ▓рѕИрїЦрѕІрЅйрѕЂ рѕхрѕІрѕўрЅ╗рЅИріЋ ріерѕЮрѕГрЅХрЅ╗рЅйрѕЂ рїІрѕГ рЅ░рїѕріЮрЅ│рЅйрѕЂ рЅ░рїарЅЃрѕџ рѕЂріЉ #HellooMarket"
@helloomarketethiopia,4524,2025-04-07T09:36:17+00:00,"рѕѕрЇђрїЅрѕ« рѕЇрѕхрѕІрѕ┤ ріЦріЊ рїЦріЋріФрѕгріЋ ріЦріЋрІ▓рѕЂрѕЮ рІерЅєрІ│ рІхрѕГрЅђрЅхріЋ рІерѕџріерѕІріерѕѕрІЇріЋ рїѓріцрѕхрЅ▓ рѕ╗ріЋрЇќ рѕѕрѕЏрІўрІЮ 0974312223 рІГрІ░рІЇрѕЅ рІѕрІГрѕЮ
https://t.me/helloo_market_bot?start=117110001  рІГрїарЅђрѕЎ! 
#Madeinethiopia #BeautyProducts #Ethiopian #Marketplace #BuyEthiopia",-1001403573865,2264,data/raw/media\@helloomarketethiopia_4524.jpg,,рѕѕрЇђрїЅрѕ« рѕЇрѕхрѕІрѕ┤ ріЦріЊ рїЦріЋріФрѕгріЋ ріЦріЋрІ▓рѕЂрѕЮ рІерЅєрІ│ рІхрѕГрЅђрЅхріЋ рІерѕџріерѕІріерѕѕрІЇріЋ рїѓріцрѕхрЅ▓ рѕ╗ріЋрЇќ рѕѕрѕЏрІўрІЮ 0974312223 рІГрІ░рІЇрѕЅ рІѕрІГрѕЮ https://t.me/helloo_market_bot?start=117110001 рІГрїарЅђрѕЎ #Madeinethiopia #BeautyProducts #Ethiopian #Marketplace #BuyEthiopia
@helloomarketethiopia,4523,2025-04-06T08:51:05+00:00,"рЅарЅ░рѕѕрІФрІЕ рІерЅђрѕѕрѕЮ ріарѕФрїГ рІерѕ┤рЅх рѕЇрїЁ рЅђрѕџрѕх рѕѕрѕЏрІўрІЮ 8420 рІГрІ░рІЇрѕЅ рІѕрІГрѕЮ  
https://t.me/helloo_market_bot?start=165210001┬а рІГрїарЅђрѕЎ! 
рѕўрїаріЋ: 3 ріЦрѕхріе 4 рІЊрѕўрЅх 
#Madeinethiopia #KidsFashion #Ethiopian #Marketplace #BuyEthiopia",-1001403573865,2409,data/raw/media\@helloomarketethiopia_4523.jpg,,рЅарЅ░рѕѕрІФрІЕ рІерЅђрѕѕрѕЮ ріарѕФрїГ рІерѕ┤рЅх рѕЇрїЁ рЅђрѕџрѕх рѕѕрѕЏрІўрІЮ 8420 рІГрІ░рІЇрѕЅ рІѕрІГрѕЮ https://t.me/helloo_market_bot?start=165210001 рІГрїарЅђрѕЎ рѕўрїаріЋ: 3 ріЦрѕхріе 4 рІЊрѕўрЅх #Madeinethiopia #KidsFashion #Ethiopian #Marketplace #BuyEthiopia
@helloomarketethiopia,4522,2025-04-05T12:40:35+00:00,"рїѕріЋрІўрЅЦ рѕ│рІГрІЮрЅБрЅйрѕЂ рїЇрІЎрЇЇ ріЦріЊ ріарѕѕрѕЏрЅђрЇЇ рЅ░рЅІрѕЏрЅх рѕ░рѕФрЅ░ріърЅй рѕЮрѕГрЅХрЅ╗рЅйрѕЂріЋ рЅарІ▒рЅц ріЦріЋрІ▓рїѕрІЪрЅйрѕЂ рІерѕџрІФрѕхрЅйрѕЇ ріарІ▓рѕ▒ріЋ рІерІ▒рЅц рѕўрЅ░рїЇрЅарѕГрІФ рЅаріаріФрѕЇ рЅ░рѕўрѕЇріерЅ▒рЅх! рѕѕрѕўрЅ░рІІрІѕрЅЁ рѕџрІФрІЮрІФ 4 /2017 рЅарѕЃрІФрЅх рѕфрїђріЋрѕ▓ ріе4 рѕ░рІЊрЅх рїђрѕЮрѕ« рЅђрїарѕ« рІГрІўріЊрѕЇрЇб ­ЪњИ

#HellooMarket",-1001403573865,2456,,data/raw/media\@helloomarketethiopia_4522.mp4,рїѕріЋрІўрЅЦ рѕ│рІГрІЮрЅБрЅйрѕЂ рїЇрІЎрЇЇ ріЦріЊ ріарѕѕрѕЏрЅђрЇЇ рЅ░рЅІрѕЏрЅх рѕ░рѕФрЅ░ріърЅй рѕЮрѕГрЅХрЅ╗рЅйрѕЂріЋ рЅарІ▒рЅц ріЦріЋрІ▓рїѕрІЪрЅйрѕЂ рІерѕџрІФрѕхрЅйрѕЇ ріарІ▓рѕ▒ріЋ рІерІ▒рЅц рѕўрЅ░рїЇрЅарѕГрІФ рЅаріаріФрѕЇ рЅ░рѕўрѕЇріерЅ▒рЅх рѕѕрѕўрЅ░рІІрІѕрЅЁ рѕџрІФрІЮрІФ 4 /2017 рЅарѕЃрІФрЅх рѕфрїђріЋрѕ▓ ріе4 рѕ░рІЊрЅх рїђрѕЮрѕ« рЅђрїарѕ« рІГрІўріЊрѕЇ ­ЪњИ #HellooMarket
@helloomarketethiopia,4521,2025-04-04T09:22:08+00:00,"рЅЦрІЎ рЅ░рІѕрІ│рїђріљрЅхріЋ рІерЅ░рѕерЇѕ рІерЅЃрѕЇріфрІ│ріЋ рїЅрІъ рѕѕрѕЂрѕЅрѕЮ ріЦрІхрѕю рІерѕџрѕєріЋ рІеріарѕЏрѕеріЏ рѕхрІЋрѕІрІі ріЦріЊ рѕўрѕ│рїГ рЅ│рѕфріГ рЅарЅђрѕѕрѕЮ ріЦрЅхрѕўрЅх рѕѕрѕЏрІўрІЮ 8420 рІГрІ░рІЇрѕЅ рІѕрІГрѕЮ https://t.me/helloo_market_bot?start=121910004 рІГрїарЅђрѕЎ! 
#Madeinethiopia #Books #Ethiopian #Marketplace #BuyEthiopia",-1001403573865,2606,data/raw/media\@helloomarketethiopia_4521.jpg,,рЅЦрІЎ рЅ░рІѕрІ│рїђріљрЅхріЋ рІерЅ░рѕерЇѕ рІерЅЃрѕЇріфрІ│ріЋ рїЅрІъ рѕѕрѕЂрѕЅрѕЮ ріЦрІхрѕю рІерѕџрѕєріЋ рІеріарѕЏрѕеріЏ рѕхрІЋрѕІрІі ріЦріЊ рѕўрѕ│рїГ рЅ│рѕфріГ рЅарЅђрѕѕрѕЮ ріЦрЅхрѕўрЅх рѕѕрѕЏрІўрІЮ 8420 рІГрІ░рІЇрѕЅ рІѕрІГрѕЮ https://t.me/helloo_market_bot?start=121910004 рІГрїарЅђрѕЎ #Madeinethiopia #Books #Ethiopian #Marketplace #BuyEthiopia
@helloomarketethiopia,4520,2025-04-03T09:01:36+00:00,"ріерѕѕрІЇрІЮ ріЦріЊ ріерідрЅхрѕх┬арЅарѕЂрѕѕрЅх ріарІГріљрЅх рїарІЋрѕЮ рїБрЇІрїГ рЅарѕєріќ рѕўрѕЇріЕ рІерЅђрѕерЅа рїЅрѕГрѕ╗ ріЦрѕхріЊріГ рѕѕрѕЏрІўрІЮ 8420 рІГрІ░рІЇрѕЅ рІѕрІГрѕЮ https://t.me/helloo_market_bot?start=173910004 рІГрїарЅђрѕЎ! 
#Madeinethiopia #Food #Ethiopian #Marketplace #BuyEthiopia",-1001403573865,2936,data/raw/media\@helloomarketethiopia_4520.jpg,,ріерѕѕрІЇрІЮ ріЦріЊ ріерідрЅхрѕх рЅарѕЂрѕѕрЅх ріарІГріљрЅх рїарІЋрѕЮ рїБрЇІрїГ рЅарѕєріќ рѕўрѕЇріЕ рІерЅђрѕерЅа рїЅрѕГрѕ╗ ріЦрѕхріЊріГ рѕѕрѕЏрІўрІЮ 8420 рІГрІ░рІЇрѕЅ рІѕрІГрѕЮ https://t.me/helloo_market_bot?start=173910004 рІГрїарЅђрѕЎ #Madeinethiopia #Food #Ethiopian #Marketplace #BuyEthiopia
@helloomarketethiopia,4519,2025-04-02T11:23:20+00:00,,-1001403573865,2750,data/raw/media\@helloomarketethiopia_4519.jpg,,
@helloomarketethiopia,4518,2025-04-02T11:23:20+00:00,,-1001403573865,3343,data/raw/media\@helloomarketethiopia_4518.jpg,,
@helloomarketethiopia,4517,2025-04-02T11:23:20+00:00,,-1001403573865,2979,data/raw/media\@helloomarketethiopia_4517.jpg,,
@helloomarketethiopia,4516,2025-04-02T11:23:20+00:00,,-1001403573865,2708,data/raw/media\@helloomarketethiopia_4516.jpg,,
@helloomarketethiopia,4515,2025-04-02T11:23:20+00:00,"ріерѕЃрѕјрѕЏрѕГрігрЅх рїІрѕГ рѕўрѕхрѕФрЅх ріЦріЋрІ┤рЅх ріљрІЇ? ­Ъцћ
ріеріЏ рїІрѕГ рѕХрѕхрЅхрЇБ ріарѕЮрѕхрЅх ріЦріЊ рѕхрІхрѕхрЅх ріарѕўрЅх ріерѕ░рѕЕ ріарѕЮрѕФрЅЙрЅй рІГрѕхрѕЎрЅх!

ріЦріЋрІ░рїѕріЊ ріЦріЋрЅ░рІІрІѕрЅЁ! ріЋрїЇрІхрІјріЋ рѕѕрѕЏрѕ│рІ░рїЇ рІГрѕЁ ріЦрІхрѕЇ ріЦріЋрІ│рІФрѕўрѕЇрїЦрІјрЅх!

­ЪЉЅ­ЪЈЙ ріљрї╗ рѕЮрІЮрїѕрЅБ: https://www.eventbrite.com/e/1296080273989?aff=oddtdtcreator

­ЪЊЁ рѕџрІФрІЮрІФ 4/2017
­ЪЊї рЅарѕЃрІФрЅх рѕфрїђріЋрѕ▓ рѕєрЅ┤рѕЇ (Hyatt Regency Hotel)
РЈ░ ріерїарІІрЅ▒ 4 рѕ░ріарЅх рѕІрІГ!

#HellooMarket",-1001403573865,2234,data/raw/media\@helloomarketethiopia_4515.jpg,,ріерѕЃрѕјрѕЏрѕГрігрЅх рїІрѕГ рѕўрѕхрѕФрЅх ріЦріЋрІ┤рЅх ріљрІЇ? ­Ъцћ ріеріЏ рїІрѕГ рѕХрѕхрЅх ріарѕЮрѕхрЅх ріЦріЊ рѕхрІхрѕхрЅх ріарѕўрЅх ріерѕ░рѕЕ ріарѕЮрѕФрЅЙрЅй рІГрѕхрѕЎрЅх ріЦріЋрІ░рїѕріЊ ріЦріЋрЅ░рІІрІѕрЅЁ ріЋрїЇрІхрІјріЋ рѕѕрѕЏрѕ│рІ░рїЇ рІГрѕЁ ріЦрІхрѕЇ ріЦріЋрІ│рІФрѕўрѕЇрїЦрІјрЅх ­ЪЉЅ­ЪЈЙ ріљрї╗ рѕЮрІЮрїѕрЅБ: https://www.eventbrite.com/e/1296080273989?aff=oddtdtcreator ­ЪЊЁ рѕџрІФрІЮрІФ 4/2017 ­ЪЊї рЅарѕЃрІФрЅх рѕфрїђріЋрѕ▓ рѕєрЅ┤рѕЇ (Hyatt Regency Hotel) РЈ░ ріерїарІІрЅ▒ 4 рѕ░ріарЅх рѕІрІГ #HellooMarket
@helloomarketethiopia,4514,2025-04-02T10:26:41+00:00,"рѕўрѕЇріФрѕЮ рІерЇІрѕ▓ріФ рЅарІЊрѕЇ рІГрѕЂріЋрѕЇрІј рѕѕрЅцрЅхрІј рІ░рѕЮрЅђрЅх рІерѕџрїерѕЮрѕЕ рѕ╗рѕЏрІјрЅй рЅарЅ░рѕѕрІФрІе рѕўрїаріЋ ріЦріЊ рЅђрѕѕрѕЮ┬арѕѕрѕЏрІўрІЮ 0974312223 рІГрІ░рІЇрѕЅ рІѕрІГрѕЮ
https://t.me/helloo_market_bot?start=020010001
https://t.me/helloo_market_bot?start=020010002 
https://t.me/helloo_market_bot?start=020010003┬а рІГрїарЅђрѕЎ! 
#Madeinethiopia #HomeDecor #Candles #Ethiopian #Marketplace #BuyEthiopia",-1001403573865,2388,data/raw/media\@helloomarketethiopia_4514.jpg,,рѕўрѕЇріФрѕЮ рІерЇІрѕ▓ріФ рЅарІЊрѕЇ рІГрѕЂріЋрѕЇрІј рѕѕрЅцрЅхрІј рІ░рѕЮрЅђрЅх рІерѕџрїерѕЮрѕЕ рѕ╗рѕЏрІјрЅй рЅарЅ░рѕѕрІФрІе рѕўрїаріЋ ріЦріЊ рЅђрѕѕрѕЮ рѕѕрѕЏрІўрІЮ 0974312223 рІГрІ░рІЇрѕЅ рІѕрІГрѕЮ https://t.me/helloo_market_bot?start=020010001 https://t.me/helloo_market_bot?start=020010002 https://t.me/helloo_market_bot?start=020010003 рІГрїарЅђрѕЎ #Madeinethiopia #HomeDecor #Candles #Ethiopian #Marketplace #BuyEthiopia
@helloomarketethiopia,4513,2025-04-01T10:48:07+00:00,"рІерѕЇрїєрЅй рІЇрЅЦ рЅБрѕЏрѕе рІ▓рІЏрІГріЋ рІерЅ░рѕ░рѕФ рЅђрѕџрѕх рѕѕрѕЏрІўрІЮ 8420 рІГрІ░рІЇрѕЅ рІѕрІГрѕЮ https://t.me/helloo_market_bot?start=176010001 рІГрїарЅђрѕЎ! 
рѕўрїаріЋ: S: L ріЦріЊ M
#Madeinethiopia #Kids #KidsFashion #Ethiopian #Marketplace #BuyEthiopiaрІѕ",-1001403573865,2667,data/raw/media\@helloomarketethiopia_4513.jpg,,рІерѕЇрїєрЅй рІЇрЅЦ рЅБрѕЏрѕе рІ▓рІЏрІГріЋ рІерЅ░рѕ░рѕФ рЅђрѕџрѕх рѕѕрѕЏрІўрІЮ 8420 рІГрІ░рІЇрѕЅ рІѕрІГрѕЮ https://t.me/helloo_market_bot?start=176010001 рІГрїарЅђрѕЎ рѕўрїаріЋ: S: L ріЦріЊ M #Madeinethiopia #Kids #KidsFashion #Ethiopian #Marketplace #BuyEthiopiaрІѕ
@helloomarketethiopia,4511,2025-03-31T09:53:00+00:00,"рЅаріарѕхрІ░ріЊрЅѓ ріарЅхрІ«рїхрІФрІі рѕЮрѕхрѕЇрѕјрЅй рІФрѕІрЅИрІЇ рІеріарѕерЅё рѕўрѕѕріфрІФ рѕѕрѕЏрІўрІЮ 8420 рІГрІ░рІЇрѕЅ рІѕрІГрѕЮ https://t.me/helloo_market_bot?start=160010001 рІГрїарЅђрѕЎ! 
#Madeinethiopia #HomeDecor ┬а#Ethiopian #Marketplace #BuyEthiopia",-1001403573865,2869,data/raw/media\@helloomarketethiopia_4511.jpg,,рЅаріарѕхрІ░ріЊрЅѓ ріарЅхрІ«рїхрІФрІі рѕЮрѕхрѕЇрѕјрЅй рІФрѕІрЅИрІЇ рІеріарѕерЅё рѕўрѕѕріфрІФ рѕѕрѕЏрІўрІЮ 8420 рІГрІ░рІЇрѕЅ рІѕрІГрѕЮ https://t.me/helloo_market_bot?start=160010001 рІГрїарЅђрѕЎ #Madeinethiopia #HomeDecor #Ethiopian #Marketplace #BuyEthiopia
@helloomarketethiopia,4510,2025-03-30T04:33:30+00:00,"ріЦріЋрі│ріЋ рѕѕ1446ріЏ рІерібрІх ріарѕЇ-рЇѕрїЦрѕГ рЅарІЊрѕЇ рЅарѕ░рѕІрѕЮ ріарІ░рѕерѕ│рЅйрѕЂ!
рІњрІх рѕЎрЅБрѕеріГ!",-1001403573865,2793,,data/raw/media\@helloomarketethiopia_4510.mp4,ріЦріЋрі│ріЋ рѕѕ1446ріЏ рІерібрІх ріарѕЇ-рЇѕрїЦрѕГ рЅарІЊрѕЇ рЅарѕ░рѕІрѕЮ ріарІ░рѕерѕ│рЅйрѕЂ рІњрІх рѕЎрЅБрѕеріГ
@helloomarketethiopia,4509,2025-03-29T15:22:53+00:00,"ріерѕЃрѕјрѕЏрѕГрігрЅх рїІрѕГ рѕўрѕхрѕФрЅх ріЦріЋрІ┤рЅх ріљрІЇ? ­Ъцћ
рѕХрѕхрЅхрЇБ ріарѕЮрѕхрЅх ріЦріЊ рѕхрІхрѕхрЅх ріарѕўрЅх ріеріЏ рїІрѕГ ріерѕ░рѕЕ ріарѕЮрѕФрЅЙрЅй рІГрѕхрѕЎрЅх! 

ріЦріЋрІ░рїѕріЊ ріЦріЋрЅ░рІІрІѕрЅЁ! ріЋрїЇрІхрІјріЋ рѕѕрѕЏрѕ│рІ░рїЇ рІГрѕЁ ріЦрІхрѕЇ ріЦріЋрІ│рІФрѕўрѕЇрїЦрІјрЅх!

­ЪЉЅ­ЪЈЙ ріљрї╗ рѕЮрІЮрїѕрЅБ: https://www.eventbrite.com/e/1296080273989?aff=oddtdtcreator

­ЪЊЁ рѕџрІФрІЮрІФ 4/2017
­ЪЊї рЅарѕЃрІФрЅх рѕфрїђріЋрѕ▓ рѕєрЅ┤рѕЇ (Hyatt Regency Hotel)
РЈ░ ріерїарІІрЅ▒ 4 рѕ░ріарЅх рѕІрІГ!

#HellooMarket",-1001403573865,2644,,data/raw/media\@helloomarketethiopia_4509.mp4,ріерѕЃрѕјрѕЏрѕГрігрЅх рїІрѕГ рѕўрѕхрѕФрЅх ріЦріЋрІ┤рЅх ріљрІЇ? ­Ъцћ рѕХрѕхрЅх ріарѕЮрѕхрЅх ріЦріЊ рѕхрІхрѕхрЅх ріарѕўрЅх ріеріЏ рїІрѕГ ріерѕ░рѕЕ ріарѕЮрѕФрЅЙрЅй рІГрѕхрѕЎрЅх ріЦріЋрІ░рїѕріЊ ріЦріЋрЅ░рІІрІѕрЅЁ ріЋрїЇрІхрІјріЋ рѕѕрѕЏрѕ│рІ░рїЇ рІГрѕЁ ріЦрІхрѕЇ ріЦріЋрІ│рІФрѕўрѕЇрїЦрІјрЅх ­ЪЉЅ­ЪЈЙ ріљрї╗ рѕЮрІЮрїѕрЅБ: https://www.eventbrite.com/e/1296080273989?aff=oddtdtcreator ­ЪЊЁ рѕџрІФрІЮрІФ 4/2017 ­ЪЊї рЅарѕЃрІФрЅх рѕфрїђріЋрѕ▓ рѕєрЅ┤рѕЇ (Hyatt Regency Hotel) РЈ░ ріерїарІІрЅ▒ 4 рѕ░ріарЅх рѕІрІГ #HellooMarket
@helloomarketethiopia,4508,2025-03-29T13:41:39+00:00,"рѕхрѕѕ рЇђрѕљрІГрЇБ рїерѕерЅЃ ріЦріЊ рі«рѕхрѕџріГ рЅарІЮрѕГрІЮрѕГ рІерѕџріЊрїѕрѕГ рѕўрїйрѕљрЇЇ  рѕѕрѕЏрІўрІЮ 0974312223 рІГрІ░рІЇрѕЅ рІѕрІГрѕЮ https://t.me/helloo_market_bot?start=144510004 рІГрїарЅђрѕЎ! 
#Madeinethiopia #HealthAndHouseHold #Ethiopian #Marketplace #BuyEthiopia",-1001403573865,2413,data/raw/media\@helloomarketethiopia_4508.jpg,,рѕхрѕѕ рЇђрѕљрІГ рїерѕерЅЃ ріЦріЊ рі«рѕхрѕџріГ рЅарІЮрѕГрІЮрѕГ рІерѕџріЊрїѕрѕГ рѕўрїйрѕљрЇЇ рѕѕрѕЏрІўрІЮ 0974312223 рІГрІ░рІЇрѕЅ рІѕрІГрѕЮ https://t.me/helloo_market_bot?start=144510004 рІГрїарЅђрѕЎ #Madeinethiopia #HealthAndHouseHold #Ethiopian #Marketplace #BuyEthiopia
@helloomarketethiopia,4507,2025-03-28T04:15:43+00:00,,-1001403573865,2638,data/raw/media\@helloomarketethiopia_4507.jpg,,
@helloomarketethiopia,4506,2025-03-28T04:15:43+00:00,,-1001403573865,3187,data/raw/media\@helloomarketethiopia_4506.jpg,,
@helloomarketethiopia,4505,2025-03-28T04:15:43+00:00,,-1001403573865,2709,data/raw/media\@helloomarketethiopia_4505.jpg,,
@helloomarketethiopia,4504,2025-03-28T04:15:43+00:00,,-1001403573865,2267,data/raw/media\@helloomarketethiopia_4504.jpg,,
@helloomarketethiopia,4503,2025-03-28T04:15:43+00:00,,-1001403573865,2227,data/raw/media\@helloomarketethiopia_4503.jpg,,
@helloomarketethiopia,4502,2025-03-28T04:15:43+00:00,"рѕёрѕј рѕЏрѕГрігрЅх ріЦріЋрІ░ріЊріЋрЅ░ рЅарѕЃрїѕрѕГ рІЇрѕхрїЦ рІФрѕЅ ріарѕЮрѕФрЅЙрЅй рѕІрІГ ріарЅ░ріЕрѕ« рЅђрѕЇрїБрЇІріЊ рѕЂрѕѕрїѕрЅЦ рІерѕєріЉ рІерїѕрЅарІФ ріарѕЏрѕФрї«рЅйріЋ рЅарѕЏрЅЁрѕерЅЦ рЅарѕ║рІјрЅй рІерѕџрЅєрїарѕЕ ріарѕЮрѕФрЅЙрЅйріЋ рЅ░рїарЅЃрѕџ ріЦрІФрІ░рѕерїѕ рІФрѕѕ рЅарІўрѕГрЇЅ рЅђрІ│рѕџріЊ ріаріЋрїІрЇІ рІхрѕГрїЁрЅх ріљрІЇ! ­Ъњф­ЪЈй

­ЪЏЇ рЅарѕёрѕјрѕЏрѕГрігрЅх рѕІрІГ рѕѕрЅ░рѕўрІўрїѕрЅАрЅх рѕЮрѕГрЅХрЅйрЇц рІерїѕрЅарІФ рѕЏрЇѕрѕІрѕѕрїЇріЊ рѕЏрѕхрЅ░рІІрІѕрЅЁрЇБ ріерІЏрѕЮ рѕѕрІ░ріЋрЅаріЏ ріарЅЁрѕГрЅд ріГрЇЇрІФ рѕўрЅђрЅарІФ рѕўріЋрїѕрІ▒ріЋ рЅарѕЎрѕЅ рѕѕрѕёрѕј рѕЏрѕГрігрЅх рЅ░рІЇрЅх! 

рїѕрЅарІФрЅйрѕЂріЋ рїЅрІ│рІФрЅйріЋ ріарІхрѕГрїѕріЋ рѕЮрѕГрЅ│рЅйрѕЂ ріЦрѕхріфрѕИрїЦ рІхрѕерѕх рІФрѕѕрѕЮріЋрѕЮ рЅЁрІхрѕў ріГрЇЇрІФ рІѕрІГрѕЮ рІерЅдрЅ│ ріфрѕФрІГрЇц ріарЅЦрѕеріЋ рЅарѕўрѕхрѕФрЅх ріЦріЋрЅ│рІѕрЅЃрѕѕріЋ ­ЪЉЇ­ЪЈй

ріЦріЋрІ░рїѕріЊ ріЦріЋрЅ░рІІрІѕрЅЁ!

­ЪЉЅ­ЪЈЙ ріљрї╗ рѕЮрІЮрїѕрЅБ: https://www.eventbrite.com/e/1296080273989?aff=oddtdtcreator

­ЪЊЁ рѕџрІФрІЮрІФ 4/2017 
­ЪЊї рЅарѕЃрІФрЅх рѕфрїђріЋрѕ▓ рѕєрЅ┤рѕЇ (Hyatt Regency Hotel) 
РЈ░ ріерїарІІрЅ▒ 4 рѕ░ріарЅх рѕІрІГ!
#HellooMarket",-1001403573865,1988,data/raw/media\@helloomarketethiopia_4502.jpg,,рѕёрѕј рѕЏрѕГрігрЅх ріЦріЋрІ░ріЊріЋрЅ░ рЅарѕЃрїѕрѕГ рІЇрѕхрїЦ рІФрѕЅ ріарѕЮрѕФрЅЙрЅй рѕІрІГ ріарЅ░ріЕрѕ« рЅђрѕЇрїБрЇІріЊ рѕЂрѕѕрїѕрЅЦ рІерѕєріЉ рІерїѕрЅарІФ ріарѕЏрѕФрї«рЅйріЋ рЅарѕЏрЅЁрѕерЅЦ рЅарѕ║рІјрЅй рІерѕџрЅєрїарѕЕ ріарѕЮрѕФрЅЙрЅйріЋ рЅ░рїарЅЃрѕџ ріЦрІФрІ░рѕерїѕ рІФрѕѕ рЅарІўрѕГрЇЅ рЅђрІ│рѕџріЊ ріаріЋрїІрЇІ рІхрѕГрїЁрЅх ріљрІЇ ­Ъњф­ЪЈй ­ЪЏЇ рЅарѕёрѕјрѕЏрѕГрігрЅх рѕІрІГ рѕѕрЅ░рѕўрІўрїѕрЅАрЅх рѕЮрѕГрЅХрЅй рІерїѕрЅарІФ рѕЏрЇѕрѕІрѕѕрїЇріЊ рѕЏрѕхрЅ░рІІрІѕрЅЁ ріерІЏрѕЮ рѕѕрІ░ріЋрЅаріЏ ріарЅЁрѕГрЅд ріГрЇЇрІФ рѕўрЅђрЅарІФ рѕўріЋрїѕрІ▒ріЋ рЅарѕЎрѕЅ рѕѕрѕёрѕј рѕЏрѕГрігрЅх рЅ░рІЇрЅх рїѕрЅарІФрЅйрѕЂріЋ рїЅрІ│рІФрЅйріЋ ріарІхрѕГрїѕріЋ рѕЮрѕГрЅ│рЅйрѕЂ ріЦрѕхріфрѕИрїЦ рІхрѕерѕх рІФрѕѕрѕЮріЋрѕЮ рЅЁрІхрѕў ріГрЇЇрІФ рІѕрІГрѕЮ рІерЅдрЅ│ ріфрѕФрІГ ріарЅЦрѕеріЋ рЅарѕўрѕхрѕФрЅх ріЦріЋрЅ│рІѕрЅЃрѕѕріЋ ­ЪЉЇ­ЪЈй ріЦріЋрІ░рїѕріЊ ріЦріЋрЅ░рІІрІѕрЅЁ ­ЪЉЅ­ЪЈЙ ріљрї╗ рѕЮрІЮрїѕрЅБ: https://www.eventbrite.com/e/1296080273989?aff=oddtdtcreator ­ЪЊЁ рѕџрІФрІЮрІФ 4/2017 ­ЪЊї рЅарѕЃрІФрЅх рѕфрїђріЋрѕ▓ рѕєрЅ┤рѕЇ (Hyatt Regency Hotel) РЈ░ ріерїарІІрЅ▒ 4 рѕ░ріарЅх рѕІрІГ #HellooMarket
@helloomarketethiopia,4501,2025-03-27T17:08:01+00:00,"рІерѕђрїѕрѕГ рІЇрѕхрїЦ ріарѕЮрѕФрЅЙрЅй ріерѕєріЊрЅйрѕЂ рІГрѕЁ
рЅфрІхрІ« рѕѕріЊріЋрЅ░ ріљрІЇ! ­ЪЉЇ­ЪЈй

ріЦріЋрІ░рїѕріЊ ріЦріЋрЅ░рІІрІѕрЅЁ!
рІеріЦрѕГрѕхрІјріЋ рѕйрІФрїГ рѕѕрѕЏрѕ│рІ░рїЇ ріЦріЊ рїЇрЅЦрІГрЅХріЋ рѕѕрѕЏрЅЃрѕѕрѕЇ
рІерЅ░рІўрїІрїЂрЅхріЋ ріарІ▓рѕ▒ рІеріГрѕгрІ▓рЅх рѕўрЅ░рїЇрЅарѕфрІФрЅйріЋріЋ ріЦріЊ рІ▓рїѓрЅ│рѕЇ
рѕўрЇЇрЅхрѕёрІјрЅ╗рЅйріЋріЋ рѕёрѕј рЅарѕЅрЇб ріЋрїЇрІхрІјріЋ рѕѕрѕЏрѕ│рІ░рїЇ рІГрѕЁ ріЦрІхрѕЇ
ріЦріЋрІ│рІФрѕўрѕЇрїЦрІјрЅх!

­ЪЉЅ­ЪЈЙ ріљрї╗ рѕЮрІЮрїѕрЅБ: https://www.eventbrite.com/e/1296080273989?aff=oddtdtcreator

­ЪЊЁ рѕџрІФрІЮрІФ 4/2017
­ЪЊї рЅарѕЃрІФрЅх рѕфрїђріЋрѕ▓ рѕєрЅ┤рѕЇ (Hyatt Regency Hotel)
РЈ░ ріерїарІІрЅ▒ 4 рѕ░ріарЅх рѕІрІГ!

#HellooMarket",-1001403573865,2500,,data/raw/media\@helloomarketethiopia_4501.mp4,рІерѕђрїѕрѕГ рІЇрѕхрїЦ ріарѕЮрѕФрЅЙрЅй ріерѕєріЊрЅйрѕЂ рІГрѕЁ рЅфрІхрІ« рѕѕріЊріЋрЅ░ ріљрІЇ ­ЪЉЇ­ЪЈй ріЦріЋрІ░рїѕріЊ ріЦріЋрЅ░рІІрІѕрЅЁ рІеріЦрѕГрѕхрІјріЋ рѕйрІФрїГ рѕѕрѕЏрѕ│рІ░рїЇ ріЦріЊ рїЇрЅЦрІГрЅХріЋ рѕѕрѕЏрЅЃрѕѕрѕЇ рІерЅ░рІўрїІрїЂрЅхріЋ ріарІ▓рѕ▒ рІеріГрѕгрІ▓рЅх рѕўрЅ░рїЇрЅарѕфрІФрЅйріЋріЋ ріЦріЊ рІ▓рїѓрЅ│рѕЇ рѕўрЇЇрЅхрѕёрІјрЅ╗рЅйріЋріЋ рѕёрѕј рЅарѕЅ ріЋрїЇрІхрІјріЋ рѕѕрѕЏрѕ│рІ░рїЇ рІГрѕЁ ріЦрІхрѕЇ ріЦріЋрІ│рІФрѕўрѕЇрїЦрІјрЅх ­ЪЉЅ­ЪЈЙ ріљрї╗ рѕЮрІЮрїѕрЅБ: https://www.eventbrite.com/e/1296080273989?aff=oddtdtcreator ­ЪЊЁ рѕџрІФрІЮрІФ 4/2017 ­ЪЊї рЅарѕЃрІФрЅх рѕфрїђріЋрѕ▓ рѕєрЅ┤рѕЇ (Hyatt Regency Hotel) РЈ░ ріерїарІІрЅ▒ 4 рѕ░ріарЅх рѕІрІГ #HellooMarket
@helloomarketethiopia,4500,2025-03-27T14:44:27+00:00,"рѕЂрѕѕрЅх рѕ▓рїѕрІЎ 5% рЅЁріЊрѕй 
рѕЎрѕЅ рЅарѕЎрѕЅ рІерѕўріЮрЅ│ рЅцрЅхрІјріЋ рІЇрЅарЅх рІерѕџрїерѕЮрѕГ ріаріљрѕХрѕІ рѕѕрѕЏрІўрІЮ 8420 рІГрІ░рІЇрѕЅ рІѕрІГрѕЮ https://t.me/helloo_market_bot?start=175610010 рІГрїарЅђрѕЎ! 
рѕўрїаріЋ: 2.40 * 1.75
рЅЦрІЏрЅх: рѕЂрѕѕрЅх ріаріЋрѕХрѕІ ріЦріЊ рѕЂрѕѕрЅх рІерЅ░рѕФрѕх рѕЇрЅЦрѕх
#Madeinethiopia #Bedding #Ethiopian #Marketplace #BuyEthiopia",-1001403573865,2248,data/raw/media\@helloomarketethiopia_4500.jpg,,рѕЂрѕѕрЅх рѕ▓рїѕрІЎ 5% рЅЁріЊрѕй рѕЎрѕЅ рЅарѕЎрѕЅ рІерѕўріЮрЅ│ рЅцрЅхрІјріЋ рІЇрЅарЅх рІерѕџрїерѕЮрѕГ ріаріљрѕХрѕІ рѕѕрѕЏрІўрІЮ 8420 рІГрІ░рІЇрѕЅ рІѕрІГрѕЮ https://t.me/helloo_market_bot?start=175610010 рІГрїарЅђрѕЎ рѕўрїаріЋ: 2.40 * 1.75 рЅЦрІЏрЅх: рѕЂрѕѕрЅх ріаріЋрѕХрѕІ ріЦріЊ рѕЂрѕѕрЅх рІерЅ░рѕФрѕх рѕЇрЅЦрѕх #Madeinethiopia #Bedding #Ethiopian #Marketplace #BuyEthiopia
@helloomarketethiopia,4499,2025-03-27T03:10:12+00:00,,-1001403573865,2505,data/raw/media\@helloomarketethiopia_4499.jpg,,
@helloomarketethiopia,4498,2025-03-27T03:10:12+00:00,,-1001403573865,2700,data/raw/media\@helloomarketethiopia_4498.jpg,,
@helloomarketethiopia,4497,2025-03-27T03:10:12+00:00,,-1001403573865,2425,data/raw/media\@helloomarketethiopia_4497.jpg,,
@helloomarketethiopia,4496,2025-03-27T03:10:12+00:00,,-1001403573865,2136,data/raw/media\@helloomarketethiopia_4496.jpg,,
@helloomarketethiopia,4495,2025-03-27T03:10:11+00:00,"рѕ░рѕІрѕЮ рѕ░рѕІрѕЮ! ­ЪЉІ­ЪЈй
ріЦріЋрІ░рїѕріЊ ріЦріЋрЅ░рІІрІѕрЅЁ!
рІеріЦрѕГрѕхрІјріЋ рѕйрІФрїГ рѕѕрѕЏрѕ│рІ░рїЇ ріЦріЊ рїЇрЅЦрІГрЅХріЋ рѕѕрѕЏрЅЃрѕѕрѕЇ рІерЅ░рІўрїІрїЂрЅхріЋ ріарІ▓рѕ▒ рІеріГрѕгрІ▓рЅх рѕўрЅ░рїЇрЅарѕфрІФрЅйріЋріЋ ріЦріЊ рІ▓рїѓрЅ│рѕЇ рѕўрЇЇрЅхрѕёрІјрЅ╗рЅйріЋріЋ рѕёрѕј рЅарѕЅрЇб ріЋрїЇрІхрІјріЋ рѕѕрѕЏрѕ│рІ░рїЇ рІГрѕЁ ріЦрІхрѕЇ ріЦріЋрІ│рІФрѕўрѕЇрїЦрІјрЅх! 


­ЪЉЅ­ЪЈЙ ріљрї╗ рѕЮрІЮрїѕрЅБ: https://www.eventbrite.com/e/1296080273989?aff=oddtdtcreator

­ЪЊЁ рѕџрІФрІЮрІФ 4/2017 
­ЪЊї рЅарѕЃрІФрЅх рѕфрїђріЋрѕ▓ рѕєрЅ┤рѕЇ (Hyatt Regency Hotel) 
РЈ░ ріерїарІІрЅ▒ 4 рѕ░ріарЅх рѕІрІГ!

#HellooMarket",-1001403573865,2084,data/raw/media\@helloomarketethiopia_4495.jpg,,рѕ░рѕІрѕЮ рѕ░рѕІрѕЮ ­ЪЉІ­ЪЈй ріЦріЋрІ░рїѕріЊ ріЦріЋрЅ░рІІрІѕрЅЁ рІеріЦрѕГрѕхрІјріЋ рѕйрІФрїГ рѕѕрѕЏрѕ│рІ░рїЇ ріЦріЊ рїЇрЅЦрІГрЅХріЋ рѕѕрѕЏрЅЃрѕѕрѕЇ рІерЅ░рІўрїІрїЂрЅхріЋ ріарІ▓рѕ▒ рІеріГрѕгрІ▓рЅх рѕўрЅ░рїЇрЅарѕфрІФрЅйріЋріЋ ріЦріЊ рІ▓рїѓрЅ│рѕЇ рѕўрЇЇрЅхрѕёрІјрЅ╗рЅйріЋріЋ рѕёрѕј рЅарѕЅ ріЋрїЇрІхрІјріЋ рѕѕрѕЏрѕ│рІ░рїЇ рІГрѕЁ ріЦрІхрѕЇ ріЦріЋрІ│рІФрѕўрѕЇрїЦрІјрЅх ­ЪЉЅ­ЪЈЙ ріљрї╗ рѕЮрІЮрїѕрЅБ: https://www.eventbrite.com/e/1296080273989?aff=oddtdtcreator ­ЪЊЁ рѕџрІФрІЮрІФ 4/2017 ­ЪЊї рЅарѕЃрІФрЅх рѕфрїђріЋрѕ▓ рѕєрЅ┤рѕЇ (Hyatt Regency Hotel) РЈ░ ріерїарІІрЅ▒ 4 рѕ░ріарЅх рѕІрІГ #HellooMarket
@helloomarketethiopia,4494,2025-03-26T11:32:36+00:00,"рѕ░рѕІрѕЮ рѕ░рѕІрѕЮ! ­ЪЉІ­ЪЈй
ріЦріЋрІ░рїѕріЊ ріЦріЋрЅ░рІІрІѕрЅЁ!
рІеріЦрѕГрѕхрІјріЋ рѕйрІФрїГ рѕѕрѕЏрѕ│рІ░рїЇ ріЦріЊ рїЇрЅЦрІГрЅХріЋ рѕѕрѕЏрЅЃрѕѕрѕЇ рІерЅ░рІўрїІрїЂрЅхріЋ ріарІ▓рѕ▒ рІеріГрѕгрІ▓рЅх рѕўрЅ░рїЇрЅарѕфрІФрЅйріЋріЋ ріЦріЊ рІ▓рїѓрЅ│рѕЇ рѕўрЇЇрЅхрѕёрІјрЅ╗рЅйріЋріЋ рѕёрѕј рЅарѕЅрЇб ріЋрїЇрІхрІјріЋ рѕѕрѕЏрѕ│рІ░рїЇ рІГрѕЁ ріЦрІхрѕЇ ріЦріЋрІ│рІФрѕўрѕЇрїЦрІјрЅх! 

­ЪЉЅ­ЪЈЙ ріљрї╗ рѕЮрІЮрїѕрЅБ: https://www.eventbrite.com/e/1296080273989?aff=oddtdtcreator

­ЪЊЁ рѕџрІФрІЮрІФ 4/2017 
­ЪЊї рЅарѕЃрІФрЅх рѕфрїђріЋрѕ▓ рѕєрЅ┤рѕЇ (Hyatt Regency Hotel) 
РЈ░ ріерїарІІрЅ▒ 4 рѕ░ріарЅх рѕІрІГ!

#HellooMarket",-1001403573865,2367,,data/raw/media\@helloomarketethiopia_4494.mp4,рѕ░рѕІрѕЮ рѕ░рѕІрѕЮ ­ЪЉІ­ЪЈй ріЦріЋрІ░рїѕріЊ ріЦріЋрЅ░рІІрІѕрЅЁ рІеріЦрѕГрѕхрІјріЋ рѕйрІФрїГ рѕѕрѕЏрѕ│рІ░рїЇ ріЦріЊ рїЇрЅЦрІГрЅХріЋ рѕѕрѕЏрЅЃрѕѕрѕЇ рІерЅ░рІўрїІрїЂрЅхріЋ ріарІ▓рѕ▒ рІеріГрѕгрІ▓рЅх рѕўрЅ░рїЇрЅарѕфрІФрЅйріЋріЋ ріЦріЊ рІ▓рїѓрЅ│рѕЇ рѕўрЇЇрЅхрѕёрІјрЅ╗рЅйріЋріЋ рѕёрѕј рЅарѕЅ ріЋрїЇрІхрІјріЋ рѕѕрѕЏрѕ│рІ░рїЇ рІГрѕЁ ріЦрІхрѕЇ ріЦріЋрІ│рІФрѕўрѕЇрїЦрІјрЅх ­ЪЉЅ­ЪЈЙ ріљрї╗ рѕЮрІЮрїѕрЅБ: https://www.eventbrite.com/e/1296080273989?aff=oddtdtcreator ­ЪЊЁ рѕџрІФрІЮрІФ 4/2017 ­ЪЊї рЅарѕЃрІФрЅх рѕфрїђріЋрѕ▓ рѕєрЅ┤рѕЇ (Hyatt Regency Hotel) РЈ░ ріерїарІІрЅ▒ 4 рѕ░ріарЅх рѕІрІГ #HellooMarket
@helloomarketethiopia,4493,2025-03-26T08:50:51+00:00,"ріерѕѕрІЇрІЮ ріЦріЊ ріерідрЅхрѕх┬арЅарѕЂрѕѕрЅх ріарІГріљрЅх рЅарїБрЇІрїГ рїарІЋрѕЮ рІерЅђрѕерЅа рїЅрѕГрѕ╗ ріЦрѕхріЊріГ рѕѕрѕЏрІўрІЮ 0974312223 рІГрІ░рІЇрѕЅ рІѕрІГрѕЮ https://t.me/helloo_market_bot?start=173910003 рІГрїарЅђрѕЎ! 
#Madeinethiopia #Food #Ethiopian #Marketplace #BuyEthiopia",-1001403573865,2325,data/raw/media\@helloomarketethiopia_4493.jpg,,ріерѕѕрІЇрІЮ ріЦріЊ ріерідрЅхрѕх рЅарѕЂрѕѕрЅх ріарІГріљрЅх рЅарїБрЇІрїГ рїарІЋрѕЮ рІерЅђрѕерЅа рїЅрѕГрѕ╗ ріЦрѕхріЊріГ рѕѕрѕЏрІўрІЮ 0974312223 рІГрІ░рІЇрѕЅ рІѕрІГрѕЮ https://t.me/helloo_market_bot?start=173910003 рІГрїарЅђрѕЎ #Madeinethiopia #Food #Ethiopian #Marketplace #BuyEthiopia
@helloomarketethiopia,4492,2025-03-25T10:49:40+00:00,"100% рІерЅ░рЇѕрѕ»рІі рѕърѕфріЋрїІ рѕѕрїцріЊрѕЏ рѕЁрІГрІѕрЅх рѕѕрѕЏрІўрІЮ 0974312223 рІГрІ░рІЇрѕЅ рІѕрІГрѕЮ https://t.me/helloo_market_bot?start=115810001 рІГрїарЅђрѕЎ! 
рѕўрїаріЋ: 100рїЇ
#Madeinethiopia #Health #Ethiopian #Marketplace #BuyEthiopia",-1001403573865,2303,data/raw/media\@helloomarketethiopia_4492.jpg,,100% рІерЅ░рЇѕрѕ»рІі рѕърѕфріЋрїІ рѕѕрїцріЊрѕЏ рѕЁрІГрІѕрЅх рѕѕрѕЏрІўрІЮ 0974312223 рІГрІ░рІЇрѕЅ рІѕрІГрѕЮ https://t.me/helloo_market_bot?start=115810001 рІГрїарЅђрѕЎ рѕўрїаріЋ: 100рїЇ #Madeinethiopia #Health #Ethiopian #Marketplace #BuyEthiopia
@helloomarketethiopia,4491,2025-03-24T08:57:26+00:00,"рЅђрѕІрѕЇ ріЦріЊ рѕЮрЅ╣ рѕѕріГрѕерѕЮрЅх рЅ░рѕхрѕЏрѕџ рІерІѕріЋрІХрЅй рЅєрІ│ рїФрѕЏ┬арѕѕрѕЏрІўрІЮ 8420 рІГрІ░рІЇрѕЅ рІѕрІГрѕЮ https://t.me/helloo_market_bot?start=125610001 рІГрїарЅђрѕЎ! 
#Madeinethiopia #MensShoe #Ethiopian #Marketplace #BuyEthiopia",-1001403573865,2597,data/raw/media\@helloomarketethiopia_4491.jpg,,рЅђрѕІрѕЇ ріЦріЊ рѕЮрЅ╣ рѕѕріГрѕерѕЮрЅх рЅ░рѕхрѕЏрѕџ рІерІѕріЋрІХрЅй рЅєрІ│ рїФрѕЏ рѕѕрѕЏрІўрІЮ 8420 рІГрІ░рІЇрѕЅ рІѕрІГрѕЮ https://t.me/helloo_market_bot?start=125610001 рІГрїарЅђрѕЎ #Madeinethiopia #MensShoe #Ethiopian #Marketplace #BuyEthiopia
@helloomarketethiopia,4490,2025-03-22T20:22:57+00:00,,-1001403573865,2957,data/raw/media\@helloomarketethiopia_4490.jpg,,
@helloomarketethiopia,4489,2025-03-22T20:22:57+00:00,"ріЦріЋрІ░ ріарІ▓рѕх ріЦріЋрЅ░рІІрІѕрЅЁ? рѕЇрІЕ ріЦріЊ рІерЅ░рѕ╗рѕѕ ріљрїѕрѕГ рѕѕріЦріЊріЋрЅ░ рѕѕрѕЏрѕЮрїБрЅх рѕхріЋрІўрїІрїЁ рЅєрІГрЅ░ріЊрѕЇрЇб рЅђріЉріЋ рІФрІЎрЅх рЅарѕџрІФрІЮрІФ 4 ріерѕЮріЋ рїірІюрІЇрѕЮ рЅарѕІрЅђ рѕЂріћрЅ│ ріЦріЊріЋрЅ░ріЋ рѕѕрѕўрЅђрЅарѕЇ ріЦрІерїарЅарЅЁріЋ ріљрІЇ! 

#HellooMarket #HelloAgain",-1001403573865,2943,data/raw/media\@helloomarketethiopia_4489.jpg,,ріЦріЋрІ░ ріарІ▓рѕх ріЦріЋрЅ░рІІрІѕрЅЁ? рѕЇрІЕ ріЦріЊ рІерЅ░рѕ╗рѕѕ ріљрїѕрѕГ рѕѕріЦріЊріЋрЅ░ рѕѕрѕЏрѕЮрїБрЅх рѕхріЋрІўрїІрїЁ рЅєрІГрЅ░ріЊрѕЇ рЅђріЉріЋ рІФрІЎрЅх рЅарѕџрІФрІЮрІФ 4 ріерѕЮріЋ рїірІюрІЇрѕЮ рЅарѕІрЅђ рѕЂріћрЅ│ ріЦріЊріЋрЅ░ріЋ рѕѕрѕўрЅђрЅарѕЇ ріЦрІерїарЅарЅЁріЋ ріљрІЇ #HellooMarket #HelloAgain
@helloomarketethiopia,4488,2025-03-22T13:12:35+00:00,"рѕЎрѕЅ рЅарѕЎрѕЅ ріерїЦрїЦ рІерЅ░рѕ░рѕФ рѕѕрѕЂрѕѕрЅ▒рѕЮ рЇЃрЅ│ рІерѕџрѕєріЋ рЅБрѕѕ рі«рЇірІФ рѕ╣рѕФрЅЦ рѕѕрѕЏрІўрІЮ 8420 рІГрІ░рІЇрѕЅ рІѕрІГрѕЮ https://t.me/helloo_market_bot?start=175610006 рІГрїарЅђрѕЎ! 
рѕўрїаріЋ:L ріЦріЊ M
#Madeinethiopia #WomensFashion #MensFashion #Ethiopian #Marketplace #BuyEthiopia",-1001403573865,2963,data/raw/media\@helloomarketethiopia_4488.jpg,,рѕЎрѕЅ рЅарѕЎрѕЅ ріерїЦрїЦ рІерЅ░рѕ░рѕФ рѕѕрѕЂрѕѕрЅ▒рѕЮ рЇЃрЅ│ рІерѕџрѕєріЋ рЅБрѕѕ рі«рЇірІФ рѕ╣рѕФрЅЦ рѕѕрѕЏрІўрІЮ 8420 рІГрІ░рІЇрѕЅ рІѕрІГрѕЮ https://t.me/helloo_market_bot?start=175610006 рІГрїарЅђрѕЎ рѕўрїаріЋ:L ріЦріЊ M #Madeinethiopia #WomensFashion #MensFashion #Ethiopian #Marketplace #BuyEthiopia
@helloomarketethiopia,4487,2025-03-21T10:32:01+00:00,"рѕЎрѕЅ рЅарѕЎрѕЅ ріерїЦрїЦ рІерЅ░рѕ░рѕФ рѕѕрѕЂрѕѕрЅ▒рѕЮ рЇЃрЅ│ рІерѕџрѕєріЋ рЅБрѕѕ рі«рЇірІФ рѕ╣рѕФрЅЦ рѕѕрѕЏрІўрІЮ 0974312223  рІГрІ░рІЇрѕЅ рІѕрІГрѕЮ https://t.me/helloo_market_bot?start=092410005 рІГрїарЅђрѕЎ! 
рѕўрїаріЋ:XL,L ріЦріЊ M
#Madeinethiopia #WomensFashion #MensFashion #Ethiopian #Marketplace #BuyEthiopia",-1001403573865,2834,data/raw/media\@helloomarketethiopia_4487.jpg,,"рѕЎрѕЅ рЅарѕЎрѕЅ ріерїЦрїЦ рІерЅ░рѕ░рѕФ рѕѕрѕЂрѕѕрЅ▒рѕЮ рЇЃрЅ│ рІерѕџрѕєріЋ рЅБрѕѕ рі«рЇірІФ рѕ╣рѕФрЅЦ рѕѕрѕЏрІўрІЮ 0974312223 рІГрІ░рІЇрѕЅ рІѕрІГрѕЮ https://t.me/helloo_market_bot?start=092410005 рІГрїарЅђрѕЎ рѕўрїаріЋ:XL,L ріЦріЊ M #Madeinethiopia #WomensFashion #MensFashion #Ethiopian #Marketplace #BuyEthiopia"
@helloomarketethiopia,4485,2025-03-20T08:55:01+00:00,"рѕѕрЇђрїЅрѕ« рѕЇрѕхрѕІрѕ┤ ріЦріЊ рїЦріЋріФрѕгріЋ ріЦріЋрІ▓рѕЂрѕЮ рІерЅєрІ│ рІхрѕГрЅђрЅхріЋ рІерѕџріерѕІріерѕѕрІЇріЋ рїѓріцрѕхрЅ▓ рѕ╗ріЋрЇќріЦріЊ ріФріЋрІ▓рѕйріљрѕГ рѕѕрѕЏрІўрІЮ 0974312223 рІГрІ░рІЇрѕЅ рІѕрІГрѕЮ
https://t.me/helloo_market_bot?start=117110001 https://t.me/helloo_market_bot?start=117110001 рІГрїарЅђрѕЎ! 
#Madeinethiopia #BeautyProducts #Ethiopian #Marketplace #BuyEthiopia",-1001403573865,2925,data/raw/media\@helloomarketethiopia_4485.jpg,,рѕѕрЇђрїЅрѕ« рѕЇрѕхрѕІрѕ┤ ріЦріЊ рїЦріЋріФрѕгріЋ ріЦріЋрІ▓рѕЂрѕЮ рІерЅєрІ│ рІхрѕГрЅђрЅхріЋ рІерѕџріерѕІріерѕѕрІЇріЋ рїѓріцрѕхрЅ▓ рѕ╗ріЋрЇќріЦріЊ ріФріЋрІ▓рѕйріљрѕГ рѕѕрѕЏрІўрІЮ 0974312223 рІГрІ░рІЇрѕЅ рІѕрІГрѕЮ https://t.me/helloo_market_bot?start=117110001 https://t.me/helloo_market_bot?start=117110001 рІГрїарЅђрѕЎ #Madeinethiopia #BeautyProducts #Ethiopian #Marketplace #BuyEthiopia
@helloomarketethiopia,4484,2025-03-19T10:07:35+00:00,"рѕѕріарїарЅЃрЅђрѕЮ рЅђрѕІрѕЇ ріЦріљрІ▓рѕЂрѕЮ рѕѕрѕЏріЋріЏрІЇрѕЮ ріЦріљрЅЁрѕхрЅЃрѕ┤ рІерѕџрѕўрЅй рІерѕ┤рЅХрЅй рІеріЋрЇЁрѕЁріЊ рѕўрїарЅарЅѓрІФ ріќрЅЦрѕЇ ріФрЇЋ рѕѕрѕЏрІўрІЮ 0974312223 рІГрІ░рІЇрѕЅ рІѕрІГрѕЮ https://t.me/helloo_market_bot?start=171210001 рІГрїарЅђрѕЎ! 
#Madeinethiopia #SanitaryPad #Ethiopian #Marketplace #BuyEthiopia",-1001403573865,3086,data/raw/media\@helloomarketethiopia_4484.jpg,,рѕѕріарїарЅЃрЅђрѕЮ рЅђрѕІрѕЇ ріЦріљрІ▓рѕЂрѕЮ рѕѕрѕЏріЋріЏрІЇрѕЮ ріЦріљрЅЁрѕхрЅЃрѕ┤ рІерѕџрѕўрЅй рІерѕ┤рЅХрЅй рІеріЋрЇЁрѕЁріЊ рѕўрїарЅарЅѓрІФ ріќрЅЦрѕЇ ріФрЇЋ рѕѕрѕЏрІўрІЮ 0974312223 рІГрІ░рІЇрѕЅ рІѕрІГрѕЮ https://t.me/helloo_market_bot?start=171210001 рІГрїарЅђрѕЎ #Madeinethiopia #SanitaryPad #Ethiopian #Marketplace #BuyEthiopia
@helloomarketethiopia,4483,2025-03-18T11:06:19+00:00,"рЅарЅхрѕѕрІФрІЕ рІеріарѕ╗ріЋрїЅрѕірЅх рѕЮрѕхрѕјрЅй рІФрѕИрЅарѕерЅђ рІерѕЇрїєрЅй рЅхрѕФрѕх┬арѕѕрѕЏрІўрІЮ 0974312223  рІГрІ░рІЇрѕЅ рІѕрІГрѕЮ https://t.me/helloo_market_bot?start=127710009 рІГрїарЅђрѕЎ! 
Size: 30* 50
#Madeinethiopia #Kids #pillow #Ethiopian #Marketplace #BuyEthiopia",-1001403573865,3023,data/raw/media\@helloomarketethiopia_4483.jpg,,рЅарЅхрѕѕрІФрІЕ рІеріарѕ╗ріЋрїЅрѕірЅх рѕЮрѕхрѕјрЅй рІФрѕИрЅарѕерЅђ рІерѕЇрїєрЅй рЅхрѕФрѕх рѕѕрѕЏрІўрІЮ 0974312223 рІГрІ░рІЇрѕЅ рІѕрІГрѕЮ https://t.me/helloo_market_bot?start=127710009 рІГрїарЅђрѕЎ Size: 30* 50 #Madeinethiopia #Kids #pillow #Ethiopian #Marketplace #BuyEthiopia
@helloomarketethiopia,4482,2025-03-17T07:54:20+00:00,"рЇЇріЋрЅхрІЇ рѕІрѕѕ рІерѕЇрЅЦрѕх рЇЁрІ│рЅх ріЦріЊ рїЇрѕЕрѕЮ рѕўрІЊрІЏріЋ рІерѕџрІФрѕІрЅЦрѕх рѕ░ріЋ рѕѕрЅђрІГрЅх рІерІ▒рЅёрЅх рѕ│рѕЎріЊ┬а рѕѕрѕЏрІўрІЮ 0974312223 рІГрІ░рІЇрѕЅ рІѕрІГрѕЮ https://t.me/helloo_market_bot?start=174110023 рІГрїарЅђрѕЎ! 
рѕўрїаріЋ:90gm 
рЅЦрІЏрЅх:72 рЇЇрѕг 
#Madeinethiopia #Detergents #Ethiopian #Marketplace #BuyEthiopia",-1001403573865,3326,data/raw/media\@helloomarketethiopia_4482.jpg,,рЇЇріЋрЅхрІЇ рѕІрѕѕ рІерѕЇрЅЦрѕх рЇЁрІ│рЅх ріЦріЊ рїЇрѕЕрѕЮ рѕўрІЊрІЏріЋ рІерѕџрІФрѕІрЅЦрѕх рѕ░ріЋ рѕѕрЅђрІГрЅх рІерІ▒рЅёрЅх рѕ│рѕЎріЊ рѕѕрѕЏрІўрІЮ 0974312223 рІГрІ░рІЇрѕЅ рІѕрІГрѕЮ https://t.me/helloo_market_bot?start=174110023 рІГрїарЅђрѕЎ рѕўрїаріЋ:90gm рЅЦрІЏрЅх:72 рЇЇрѕг #Madeinethiopia #Detergents #Ethiopian #Marketplace #BuyEthiopia
@helloomarketethiopia,4481,2025-03-15T09:34:51+00:00,"рЅарЅ░рІІрЅа рІ▓рІЏрІГріЋ рѕѕріарІФрІФрІЮ рѕЮрЅ╣ ріерЅєрІ│ рІерЅ░рѕ░рѕФ рІерѕ┤рЅХрЅй рЅдрѕГрѕ│ рѕѕрѕЏрІўрІЮ 0974312223 рІГрІ░рІЇрѕЅ рІѕрІГрѕЮ https://t.me/helloo_market_bot?start=011210001 рІГрїарЅђрѕЎ! 
#Madeinethiopia #WomensFashion┬а #BagsAndWallet #Ethiopian #Marketplace #BuyEthiopia",-1001403573865,3471,data/raw/media\@helloomarketethiopia_4481.jpg,,рЅарЅ░рІІрЅа рІ▓рІЏрІГріЋ рѕѕріарІФрІФрІЮ рѕЮрЅ╣ ріерЅєрІ│ рІерЅ░рѕ░рѕФ рІерѕ┤рЅХрЅй рЅдрѕГрѕ│ рѕѕрѕЏрІўрІЮ 0974312223 рІГрІ░рІЇрѕЅ рІѕрІГрѕЮ https://t.me/helloo_market_bot?start=011210001 рІГрїарЅђрѕЎ #Madeinethiopia #WomensFashion #BagsAndWallet #Ethiopian #Marketplace #BuyEthiopia
@helloomarketethiopia,4480,2025-03-14T09:14:32+00:00,"рѕѕрЅ░рѕѕрІФрІЕ рѕЂріћрЅ│рІјрЅй ріарѕўрЅ╝ рІерѕєріљ рѕѕрѕЂрѕѕрЅ▒рѕЮ рЇЃрЅ│ рІерѕџрѕхрѕЏрѕЏ рЅБрѕѕ рѕИрѕЮрЅђрЅє рЅдрѕГрѕ│ рѕѕрѕЏрІўрІЮ 0974312223 рІГрІ░рІЇрѕЅ рІѕрІГрѕЮ
https://t.me/helloo_market_bot?start=147010001 рІГрїарЅђрѕЎ! 
#Madeinethiopia #BagsAndWallet #Ethiopian #Marketplace #BuyEthiopia",-1001403573865,3646,data/raw/media\@helloomarketethiopia_4480.jpg,,рѕѕрЅ░рѕѕрІФрІЕ рѕЂріћрЅ│рІјрЅй ріарѕўрЅ╝ рІерѕєріљ рѕѕрѕЂрѕѕрЅ▒рѕЮ рЇЃрЅ│ рІерѕџрѕхрѕЏрѕЏ рЅБрѕѕ рѕИрѕЮрЅђрЅє рЅдрѕГрѕ│ рѕѕрѕЏрІўрІЮ 0974312223 рІГрІ░рІЇрѕЅ рІѕрІГрѕЮ https://t.me/helloo_market_bot?start=147010001 рІГрїарЅђрѕЎ #Madeinethiopia #BagsAndWallet #Ethiopian #Marketplace #BuyEthiopia
@helloomarketethiopia,4479,2025-03-13T11:38:47+00:00,"рїѓріцрѕхрЅ▓ 100% рЅФрІГрЅ│рѕџріЋ ріб рІерЇђрѕљрІГріЋ рїЅрІ│рЅх рѕѕрѕўріерѕІріерѕЇ ріЦріЊ рІерЅєрІ│ рѕўрѕИрЅЦрѕИрЅЦрЇБ рїЦрЅЂрѕГ ріљрїарЅЦрїБрЅдрЅй ріЦріЊ рЅЦрїЅрѕГ ріерїѕрїйрЅ│ рѕѕрѕЏрѕ╗рѕ╗рѕЇ рІерѕџрѕерІ│ рІерЇірЅх ріГрѕфрѕЮ┬а рѕѕрѕЏрІўрІЮ 0974312223 рІГрІ░рІЇрѕЅ рІѕрІГрѕЮ https://t.me/helloo_market_bot?start=117110021
#Madeinethiopia┬а #BeautyProducts┬а #Ethiopian #Marketplace #BuyEthiopia",-1001403573865,3847,data/raw/media\@helloomarketethiopia_4479.jpg,,рїѓріцрѕхрЅ▓ 100% рЅФрІГрЅ│рѕџріЋ ріб рІерЇђрѕљрІГріЋ рїЅрІ│рЅх рѕѕрѕўріерѕІріерѕЇ ріЦріЊ рІерЅєрІ│ рѕўрѕИрЅЦрѕИрЅЦ рїЦрЅЂрѕГ ріљрїарЅЦрїБрЅдрЅй ріЦріЊ рЅЦрїЅрѕГ ріерїѕрїйрЅ│ рѕѕрѕЏрѕ╗рѕ╗рѕЇ рІерѕџрѕерІ│ рІерЇірЅх ріГрѕфрѕЮ рѕѕрѕЏрІўрІЮ 0974312223 рІГрІ░рІЇрѕЅ рІѕрІГрѕЮ https://t.me/helloo_market_bot?start=117110021 #Madeinethiopia #BeautyProducts #Ethiopian #Marketplace #BuyEthiopia
@helloomarketethiopia,4478,2025-03-12T11:14:44+00:00,"рІерѕ┤рЅХрЅй рІЇрЅЦ ріЦріЊ рЅБрѕЏрѕе рІ▓рІЏрІГріЋ рІерЅ░рѕ░рѕЕ рі«рЅХрЅйріЋ рЅарЅ░рѕѕрІФрІе рІерЅђрѕѕрѕЮ ріарѕЏрѕФрїГ рѕѕрѕЏрІўрІЮ 0974312223 рІГрІ░рІЇрѕЅ рІѕрІГрѕЮ https://t.me/helloo_market_bot?start=102242 рІГрїарЅђрѕЎ! 
рѕўрїаріЋ: Free Size
#Madeinethiopia #WomensFashion┬а #WomensCloth #Ethiopian #Marketplace #BuyEthiopia",-1001403573865,3717,data/raw/media\@helloomarketethiopia_4478.jpg,,рІерѕ┤рЅХрЅй рІЇрЅЦ ріЦріЊ рЅБрѕЏрѕе рІ▓рІЏрІГріЋ рІерЅ░рѕ░рѕЕ рі«рЅХрЅйріЋ рЅарЅ░рѕѕрІФрІе рІерЅђрѕѕрѕЮ ріарѕЏрѕФрїГ рѕѕрѕЏрІўрІЮ 0974312223 рІГрІ░рІЇрѕЅ рІѕрІГрѕЮ https://t.me/helloo_market_bot?start=102242 рІГрїарЅђрѕЎ рѕўрїаріЋ: Free Size #Madeinethiopia #WomensFashion #WomensCloth #Ethiopian #Marketplace #BuyEthiopia
@helloomarketethiopia,4477,2025-03-11T09:49:55+00:00,"рѕѕрЇђрїЅрѕ« рІЇрЅарЅх ріЦріЊ рѕѕрЇђрїЅрѕ«рІј рѕЇрѕхрѕІрѕ┤ рѕ░ріЋ рѕ▓рѕЇріГ рІерЇђрїЅрѕГ рѕ╗рѕЮрЇќ рѕѕрѕЏрІўрІЮ 0974312223 рІГрІ░рІЇрѕЅ рІѕрІГрѕЮ https://t.me/helloo_market_bot?start=174110013 рІГрїарЅђрѕЎ! 
#Madeinethiopia #PersonalCare #BeautyProducts #Ethiopian #Marketplace #BuyEthiopia",-1001403573865,3561,data/raw/media\@helloomarketethiopia_4477.jpg,,рѕѕрЇђрїЅрѕ« рІЇрЅарЅх ріЦріЊ рѕѕрЇђрїЅрѕ«рІј рѕЇрѕхрѕІрѕ┤ рѕ░ріЋ рѕ▓рѕЇріГ рІерЇђрїЅрѕГ рѕ╗рѕЮрЇќ рѕѕрѕЏрІўрІЮ 0974312223 рІГрІ░рІЇрѕЅ рІѕрІГрѕЮ https://t.me/helloo_market_bot?start=174110013 рІГрїарЅђрѕЎ #Madeinethiopia #PersonalCare #BeautyProducts #Ethiopian #Marketplace #BuyEthiopia
@helloomarketethiopia,4476,2025-03-10T09:46:45+00:00,"рЅЦрІЎ рЅ░рІѕрІ│рїђріљрЅхріЋ рІерЅ░рѕерЇѕ рІерЅЃрѕЇріфрІ│ріЋ рїЅрІъ рѕѕрѕЂрѕЅрѕЮ ріЦрІхрѕю рІерѕџрѕєріЋ рІеріарѕЏрѕеріЏ рѕхрІЋрѕІрІі ріЦріЊ рѕўрѕ│рїГ рЅ│рѕфріГ рЅарЅђрѕѕрѕЮ ріЦрЅхрѕўрЅх рѕѕрѕЏрІўрІЮ 8420 рІГрІ░рІЇрѕЅ рІѕрІГрѕЮ https://t.me/helloo_market_bot?start=121910003 рІГрїарЅђрѕЎ! 
#Madeinethiopia #Books #Ethiopian #Marketplace #BuyEthiopia",-1001403573865,3531,data/raw/media\@helloomarketethiopia_4476.jpg,,рЅЦрІЎ рЅ░рІѕрІ│рїђріљрЅхріЋ рІерЅ░рѕерЇѕ рІерЅЃрѕЇріфрІ│ріЋ рїЅрІъ рѕѕрѕЂрѕЅрѕЮ ріЦрІхрѕю рІерѕџрѕєріЋ рІеріарѕЏрѕеріЏ рѕхрІЋрѕІрІі ріЦріЊ рѕўрѕ│рїГ рЅ│рѕфріГ рЅарЅђрѕѕрѕЮ ріЦрЅхрѕўрЅх рѕѕрѕЏрІўрІЮ 8420 рІГрІ░рІЇрѕЅ рІѕрІГрѕЮ https://t.me/helloo_market_bot?start=121910003 рІГрїарЅђрѕЎ #Madeinethiopia #Books #Ethiopian #Marketplace #BuyEthiopia
@helloomarketethiopia,4475,2025-03-09T12:04:21+00:00,"рѕѕрЅцрЅХ ріарѕЇрІФрѕЮ рѕѕрѕўрѕхрѕфрІФ рЅдрЅ│рІј рІ░рѕерЅЁ рЅєрѕ╗рѕ╗ рѕЏрїарѕФрЅђрѕџрІФ  рѕѕрѕЏрІўрІЮ 8420 рІГрІ░рІЇрѕЅ рІѕрІГрѕЮ https://t.me/helloo_market_bot?start=155010001 рІГрїарЅђрѕЎ! 
рЅЂрїЦрѕГрЇд 32* 50 рѕ▓рѕю
#Madeinethiopia #CleaningSplices #GroceryAndGourmet #Ethiopian #Marketplace #BuyEthiopia",-1001403573865,3834,data/raw/media\@helloomarketethiopia_4475.jpg,,рѕѕрЅцрЅХ ріарѕЇрІФрѕЮ рѕѕрѕўрѕхрѕфрІФ рЅдрЅ│рІј рІ░рѕерЅЁ рЅєрѕ╗рѕ╗ рѕЏрїарѕФрЅђрѕџрІФ рѕѕрѕЏрІўрІЮ 8420 рІГрІ░рІЇрѕЅ рІѕрІГрѕЮ https://t.me/helloo_market_bot?start=155010001 рІГрїарЅђрѕЎ рЅЂрїЦрѕГ 32* 50 рѕ▓рѕю #Madeinethiopia #CleaningSplices #GroceryAndGourmet #Ethiopian #Marketplace #BuyEthiopia
@helloomarketethiopia,4474,2025-03-08T08:24:16+00:00,"ріеріЋрЇЂрѕЁ рЅєрІ│ рїЦріЋрЅЁ рЅ░рІ░рѕГрїј  рІерЅ░рѕ░рѕФ рІерІѕріЋрІ│рЅй рІўріЊрїГ рЅдрѕГрѕ│ рѕѕрѕЏрІўрІЮ 0974312223 рІГрІ░рІЇрѕЅ рІѕрІГрѕЮ https://t.me/helloo_market_bot?start=095410060┬арІГрїарЅђрѕЎ!┬а
#Madeinethiopia #MensFashion  #BagsAndWallet #LeatherProduct #Ethiopian #Marketplace #BuyEthiopia",-1001403573865,3449,data/raw/media\@helloomarketethiopia_4474.jpg,,ріеріЋрЇЂрѕЁ рЅєрІ│ рїЦріЋрЅЁ рЅ░рІ░рѕГрїј рІерЅ░рѕ░рѕФ рІерІѕріЋрІ│рЅй рІўріЊрїГ рЅдрѕГрѕ│ рѕѕрѕЏрІўрІЮ 0974312223 рІГрІ░рІЇрѕЅ рІѕрІГрѕЮ https://t.me/helloo_market_bot?start=095410060 рІГрїарЅђрѕЎ #Madeinethiopia #MensFashion #BagsAndWallet #LeatherProduct #Ethiopian #Marketplace #BuyEthiopia
@helloomarketethiopia,4473,2025-03-07T11:50:36+00:00,"рЅарЅ░рѕѕрІФрІе рІерЅђрѕѕрѕЮ ріарѕЏрѕФрїГ рЅ░рїерѕЏрѕф рІЇрЅарЅх ріерѕџрѕ░рїЦ ріерѕѕрѕхрѕІрѕ│ ріЦріЊ рѕЮрЅ╣ рїерѕГрЅЁ рІерЅ░рѕ░рѕФ рІўріЊрїГ рЅ│рІГрЅх рѕѕрѕЏрІўрІЮ 0974312223 рІГрІ░рІЇрѕЅ┬арІѕрІГрѕЮ http://t.me/helloo_market_bot?start=174810008 рІГрїарЅђрѕЎ!
#Madeinethiopia #WomensFashion┬а #WomensCloth #Ethiopian #Marketplace #BuyEthiopia",-1001403573865,3748,data/raw/media\@helloomarketethiopia_4473.jpg,,рЅарЅ░рѕѕрІФрІе рІерЅђрѕѕрѕЮ ріарѕЏрѕФрїГ рЅ░рїерѕЏрѕф рІЇрЅарЅх ріерѕџрѕ░рїЦ ріерѕѕрѕхрѕІрѕ│ ріЦріЊ рѕЮрЅ╣ рїерѕГрЅЁ рІерЅ░рѕ░рѕФ рІўріЊрїГ рЅ│рІГрЅх рѕѕрѕЏрІўрІЮ 0974312223 рІГрІ░рІЇрѕЅ рІѕрІГрѕЮ http://t.me/helloo_market_bot?start=174810008 рІГрїарЅђрѕЎ #Madeinethiopia #WomensFashion #WomensCloth #Ethiopian #Marketplace #BuyEthiopia
@helloomarketethiopia,4472,2025-03-06T09:55:12+00:00,"рІўріЊрїГ рІерѕ┤рЅХрЅй рІерЅхріерѕ╗ рЅдрѕГрѕ│ рѕѕрѕЏрІўрІЮ 0974312223 рІГрІ░рІЇрѕЅ рІѕрІГрѕЮ https://t.me/helloo_market_bot?start=156610001 рІГрїарЅђрѕЎ! 
#Madeinethiopia #WomensFashion #BagsAndWallet #Ethiopian #Marketplace #BuyEthiopia",-1001403573865,3768,data/raw/media\@helloomarketethiopia_4472.jpg,,рІўріЊрїГ рІерѕ┤рЅХрЅй рІерЅхріерѕ╗ рЅдрѕГрѕ│ рѕѕрѕЏрІўрІЮ 0974312223 рІГрІ░рІЇрѕЅ рІѕрІГрѕЮ https://t.me/helloo_market_bot?start=156610001 рІГрїарЅђрѕЎ #Madeinethiopia #WomensFashion #BagsAndWallet #Ethiopian #Marketplace #BuyEthiopia
@helloomarketethiopia,4471,2025-03-05T11:37:07+00:00,"ріерїЦрїЦ рІерЅ░рѕ░рѕФ рѕЮрЅ╣ рЇц рѕѕрѕхрѕІрѕ│ ріЦріЊ рЅ░ріЋрЅђрѕ│рЅЃрѕй рІерѕЇрїєрЅй ріарѕЇрїІ ріеріљрЅхрѕФрѕ▒ рЅарЅ░рѕѕрІФрІе рЅђрѕѕрѕЮ ріЦріЊ ріЋрІхрЇЇ рѕѕрѕЏрІўрІЮ 0974312223 рІГрІ░рІЇрѕЅ рІѕрІГрѕЮ https://t.me/helloo_market_bot?start=098810001 рІГрїарЅђрѕЎ! 
#Madeinethiopia #Kids #pillow #Ethiopian #Marketplace #BuyEthiopia",-1001403573865,3460,data/raw/media\@helloomarketethiopia_4471.jpg,,ріерїЦрїЦ рІерЅ░рѕ░рѕФ рѕЮрЅ╣ рѕѕрѕхрѕІрѕ│ ріЦріЊ рЅ░ріЋрЅђрѕ│рЅЃрѕй рІерѕЇрїєрЅй ріарѕЇрїІ ріеріљрЅхрѕФрѕ▒ рЅарЅ░рѕѕрІФрІе рЅђрѕѕрѕЮ ріЦріЊ ріЋрІхрЇЇ рѕѕрѕЏрІўрІЮ 0974312223 рІГрІ░рІЇрѕЅ рІѕрІГрѕЮ https://t.me/helloo_market_bot?start=098810001 рІГрїарЅђрѕЎ #Madeinethiopia #Kids #pillow #Ethiopian #Marketplace #BuyEthiopia
@helloomarketethiopia,4470,2025-03-04T11:47:39+00:00,"рѕѕрЇђрїЅрѕ« рІѕрЅЦрЅх ріЦріЊ рѕѕрЇђрїЅрѕ«рІј рѕЇрѕхрѕІрѕ┤ рїђріцрѕхрЅ▓ рІерЇђрїЅрѕГ рѕЏрѕѕрѕхрѕѕрѕ╗┬а рѕѕрѕЏрІўрІЮ 0974312223 рІГрІ░рІЇрѕЅ рІѕрІГрѕЮ https://t.me/helloo_market_bot?start=117110004 рІГрїарЅђрѕЎ! 
#Madeinethiopia #PersonalCare #BeautyProducts #Ethiopian #Marketplace #BuyEthiopia",-1001403573865,3827,data/raw/media\@helloomarketethiopia_4470.jpg,,рѕѕрЇђрїЅрѕ« рІѕрЅЦрЅх ріЦріЊ рѕѕрЇђрїЅрѕ«рІј рѕЇрѕхрѕІрѕ┤ рїђріцрѕхрЅ▓ рІерЇђрїЅрѕГ рѕЏрѕѕрѕхрѕѕрѕ╗ рѕѕрѕЏрІўрІЮ 0974312223 рІГрІ░рІЇрѕЅ рІѕрІГрѕЮ https://t.me/helloo_market_bot?start=117110004 рІГрїарЅђрѕЎ #Madeinethiopia #PersonalCare #BeautyProducts #Ethiopian #Marketplace #BuyEthiopia
@helloomarketethiopia,4469,2025-03-03T09:19:46+00:00,"ріарѕхрІ░ріЊрЅё ріарЅхрІ«рїхрІФрІі рѕЮрѕхрѕЇрѕјрЅй рІФрѕІрЅИрІЇ рІеріарѕерЅё рѕўрѕѕріфрІФ рѕѕрѕЏрІўрІЮ 0974312223 рІГрІ░рІЇрѕЅ рІѕрІГрѕЮ https://t.me/helloo_market_bot?start=160010001 рІГрїарЅђрѕЎ! 
#Madeinethiopia #HomeDecor ┬а#Ethiopian #Marketplace #BuyEthiopia",-1001403573865,3505,data/raw/media\@helloomarketethiopia_4469.jpg,,ріарѕхрІ░ріЊрЅё ріарЅхрІ«рїхрІФрІі рѕЮрѕхрѕЇрѕјрЅй рІФрѕІрЅИрІЇ рІеріарѕерЅё рѕўрѕѕріфрІФ рѕѕрѕЏрІўрІЮ 0974312223 рІГрІ░рІЇрѕЅ рІѕрІГрѕЮ https://t.me/helloo_market_bot?start=160010001 рІГрїарЅђрѕЎ #Madeinethiopia #HomeDecor #Ethiopian #Marketplace #BuyEthiopia
@helloomarketethiopia,4468,2025-03-02T09:06:12+00:00,"рѕЮрЅ╣ рЇБ рѕѕрѕхрѕІрѕ│ ріЦріЊ рІЇрЅЦ ріЦрїЁрїї ріарїГрѕГ рІерѕѕрѕірЅх рѕЇрЅЦрѕх рѕѕрѕЏрІўрІЮ 8420 рІГрІ░рІЇрѕЅ рІѕрІГрѕЮ https://t.me/helloo_market_bot?start=004010131 рІГрїарЅђрѕЎ! 
#Madeinethiopia #NightWear #Ethiopian #Marketplace #BuyEthiopia",-1001403573865,3983,data/raw/media\@helloomarketethiopia_4468.jpg,,рѕЮрЅ╣ рѕѕрѕхрѕІрѕ│ ріЦріЊ рІЇрЅЦ ріЦрїЁрїї ріарїГрѕГ рІерѕѕрѕірЅх рѕЇрЅЦрѕх рѕѕрѕЏрІўрІЮ 8420 рІГрІ░рІЇрѕЅ рІѕрІГрѕЮ https://t.me/helloo_market_bot?start=004010131 рІГрїарЅђрѕЎ #Madeinethiopia #NightWear #Ethiopian #Marketplace #BuyEthiopia
@helloomarketethiopia,4467,2025-03-01T09:40:58+00:00,"рѕЎрѕЅ рЅарѕЎрѕЅ ріерїЦрїЦ рІерЅ░рѕ░рѕФ рѕѕрѕЂрѕѕрЅ▒рѕЮ рЇЃрЅ│ рІерѕџрѕєріЋ рЅБрѕѕ рі«рЇірІФ рѕ╣рѕФрЅЦ рѕѕрѕЏрІўрІЮ 8420 рІГрІ░рІЇрѕЅ рІѕрІГрѕЮ https://t.me/helloo_market_bot?start=175610006 рІГрїарЅђрѕЎ! 
рѕўрїаріЋ:L ріЦріЊ M
#Madeinethiopia #WomensFashion #MensFashion #Ethiopian #Marketplace #BuyEthiopia",-1001403573865,3638,data/raw/media\@helloomarketethiopia_4467.jpg,,рѕЎрѕЅ рЅарѕЎрѕЅ ріерїЦрїЦ рІерЅ░рѕ░рѕФ рѕѕрѕЂрѕѕрЅ▒рѕЮ рЇЃрЅ│ рІерѕџрѕєріЋ рЅБрѕѕ рі«рЇірІФ рѕ╣рѕФрЅЦ рѕѕрѕЏрІўрІЮ 8420 рІГрІ░рІЇрѕЅ рІѕрІГрѕЮ https://t.me/helloo_market_bot?start=175610006 рІГрїарЅђрѕЎ рѕўрїаріЋ:L ріЦріЊ M #Madeinethiopia #WomensFashion #MensFashion #Ethiopian #Marketplace #BuyEthiopia
@helloomarketethiopia,4466,2025-02-28T08:52:02+00:00,"рІўріЊрїГ рІерѕ┤рЅХрЅй рЇѕрѕФрѕЏ рІерЅхріерѕ╗ рЅдрѕГрѕ│ рѕѕрѕЏрІўрІЮ 0974312223 рІГрІ░рІЇрѕЅ рІѕрІГрѕЮ https://t.me/helloo_market_bot?start=117610003 рІГрїарЅђрѕЎ! 
#Madeinethiopia #WomensFashion #BagsAndWallet #Ethiopian #Marketplace #BuyEthiopia",-1001403573865,3600,data/raw/media\@helloomarketethiopia_4466.jpg,,рІўріЊрїГ рІерѕ┤рЅХрЅй рЇѕрѕФрѕЏ рІерЅхріерѕ╗ рЅдрѕГрѕ│ рѕѕрѕЏрІўрІЮ 0974312223 рІГрІ░рІЇрѕЅ рІѕрІГрѕЮ https://t.me/helloo_market_bot?start=117610003 рІГрїарЅђрѕЎ #Madeinethiopia #WomensFashion #BagsAndWallet #Ethiopian #Marketplace #BuyEthiopia
@helloomarketethiopia,4465,2025-02-27T09:52:03+00:00,"ріерѕѕрІЇрІЮ ріЦріЊ ріерідрЅхрѕх┬арЅарѕЂрѕѕрЅх ріарІГріљрЅх рЅарїБрЇІрїГ рїарІЋрѕЮ рІерЅђрѕерЅа рїЅрѕГрѕ╗ ріЦрѕхріЊріГ рѕѕрѕЏрІўрІЮ 0974312223 рІГрІ░рІЇрѕЅ рІѕрІГрѕЮ https://t.me/helloo_market_bot?start=173910003 рІГрїарЅђрѕЎ! 
#Madeinethiopia #Food #Ethiopian #Marketplace #BuyEthiopia",-1001403573865,4021,data/raw/media\@helloomarketethiopia_4465.jpg,,ріерѕѕрІЇрІЮ ріЦріЊ ріерідрЅхрѕх рЅарѕЂрѕѕрЅх ріарІГріљрЅх рЅарїБрЇІрїГ рїарІЋрѕЮ рІерЅђрѕерЅа рїЅрѕГрѕ╗ ріЦрѕхріЊріГ рѕѕрѕЏрІўрІЮ 0974312223 рІГрІ░рІЇрѕЅ рІѕрІГрѕЮ https://t.me/helloo_market_bot?start=173910003 рІГрїарЅђрѕЎ #Madeinethiopia #Food #Ethiopian #Marketplace #BuyEthiopia
@helloomarketethiopia,4463,2025-02-25T10:10:51+00:00,"рѕѕрЇђрїЅрѕ« рѕЇрѕхрѕІрѕ┤ ріЦріЊ рїЦріЋріФрѕгріЋ ріЦріЋрІ▓рѕЂрѕЮ рІерЅєрІ│ рІхрѕГрЅђрЅхріЋ рІерѕџріерѕІріерѕѕрІЇріЋ рїѓріцрѕхрЅ▓ рѕ╗ріЋрЇќріЦріЊ ріФріЋрІ▓рѕйріљрѕГ рѕѕрѕЏрІўрІЮ 8420 рІГрІ░рІЇрѕЅ рІѕрІГрѕЮ
https://t.me/helloo_market_bot?start=117110001 https://t.me/helloo_market_bot?start=117110001 рІГрїарЅђрѕЎ! 
#Madeinethiopia #BeautyProducts #Ethiopian #Marketplace #BuyEthiopia",-1001403573865,4005,data/raw/media\@helloomarketethiopia_4463.jpg,,рѕѕрЇђрїЅрѕ« рѕЇрѕхрѕІрѕ┤ ріЦріЊ рїЦріЋріФрѕгріЋ ріЦріЋрІ▓рѕЂрѕЮ рІерЅєрІ│ рІхрѕГрЅђрЅхріЋ рІерѕџріерѕІріерѕѕрІЇріЋ рїѓріцрѕхрЅ▓ рѕ╗ріЋрЇќріЦріЊ ріФріЋрІ▓рѕйріљрѕГ рѕѕрѕЏрІўрІЮ 8420 рІГрІ░рІЇрѕЅ рІѕрІГрѕЮ https://t.me/helloo_market_bot?start=117110001 https://t.me/helloo_market_bot?start=117110001 рІГрїарЅђрѕЎ #Madeinethiopia #BeautyProducts #Ethiopian #Marketplace #BuyEthiopia
@helloomarketethiopia,4462,2025-02-24T09:01:40+00:00,"рІерѕЇрїєрЅй рІѕрЅЦ рЅБрѕЏрѕе рІ▓рІЏрІГріЋ рІерЅ░рѕ░рѕФ рЅђрѕџрѕх рѕѕрѕЏрІўрІЮ 0974312223 рІГрІ░рІЇрѕЅ рІѕрІГрѕЮ https://t.me/helloo_market_bot?start=176010001 рІГрїарЅђрѕЎ! 
рѕўрїаріЋ: S: L ріЦріЊ M
#Madeinethiopia #Kids #KidsFashion #Ethiopian #Marketplace #BuyEthiopia",-1001403573865,4176,data/raw/media\@helloomarketethiopia_4462.jpg,,рІерѕЇрїєрЅй рІѕрЅЦ рЅБрѕЏрѕе рІ▓рІЏрІГріЋ рІерЅ░рѕ░рѕФ рЅђрѕџрѕх рѕѕрѕЏрІўрІЮ 0974312223 рІГрІ░рІЇрѕЅ рІѕрІГрѕЮ https://t.me/helloo_market_bot?start=176010001 рІГрїарЅђрѕЎ рѕўрїаріЋ: S: L ріЦріЊ M #Madeinethiopia #Kids #KidsFashion #Ethiopian #Marketplace #BuyEthiopia
@helloomarketethiopia,4461,2025-02-23T11:10:36+00:00,"рІерЅцрЅхрІјріЋ рІхрѕЮрЅђрЅх рІерѕџрїерѕЮрѕГ рѕ╗рѕЏ рѕѕрѕЏрІўрІЮ 0974312223 рІГрІ░рІЇрѕЅ рІѕрІГрѕЮ
https://t.me/helloo_market_bot?start=020010001┬а рІГрїарЅђрѕЎ! 
#Madeinethiopia #HomeDecor #Candles #Ethiopian #Marketplace #BuyEthiopia",-1001403573865,4123,data/raw/media\@helloomarketethiopia_4461.jpg,,рІерЅцрЅхрІјріЋ рІхрѕЮрЅђрЅх рІерѕџрїерѕЮрѕГ рѕ╗рѕЏ рѕѕрѕЏрІўрІЮ 0974312223 рІГрІ░рІЇрѕЅ рІѕрІГрѕЮ https://t.me/helloo_market_bot?start=020010001 рІГрїарЅђрѕЎ #Madeinethiopia #HomeDecor #Candles #Ethiopian #Marketplace #BuyEthiopia
@helloomarketethiopia,4459,2025-02-22T12:04:59+00:00,"рѕѕрЅцрЅХ ріарѕЇрІФрѕЮ рѕѕрЅцрѕ«рІј рЅ▒рѕірЇЋ рІерІѕрѕЃ рѕЏрїБрѕфрІФ рѕѕрѕЏрІўрІЮ 0974312223 рІГрІ░рІЇрѕЅ рІѕрІГрѕЮ https://t.me/helloo_market_bot?start=174410001 рІГрїарЅђрѕЎ! 
рѕўрїаріЋ:16 рѕірЅхрѕГ
#Madeinethiopia #HomeAppliances #KitchenAppliance #Ethiopian #Marketplace #BuyEthiopia",-1001403573865,3605,data/raw/media\@helloomarketethiopia_4459.jpg,,рѕѕрЅцрЅХ ріарѕЇрІФрѕЮ рѕѕрЅцрѕ«рІј рЅ▒рѕірЇЋ рІерІѕрѕЃ рѕЏрїБрѕфрІФ рѕѕрѕЏрІўрІЮ 0974312223 рІГрІ░рІЇрѕЅ рІѕрІГрѕЮ https://t.me/helloo_market_bot?start=174410001 рІГрїарЅђрѕЎ рѕўрїаріЋ:16 рѕірЅхрѕГ #Madeinethiopia #HomeAppliances #KitchenAppliance #Ethiopian #Marketplace #BuyEthiopia
